family,name,type,offerId,processName,partialURL,Install,Play
alchemy/alchemy,Alchemy™,base,OFB-EAST:109552132,Alchemy.exe,/store/alchemy/alchemy/standard-edition?,Automatable,Automatable
alice/alice-madness-returns,Alice: Madness Returns™,base,OFB-EAST:57154,External Installer,/store/alice/alice-madness-returns/standard-edition?,Not automatable: External Installer,Automatable
amazing-adventures/amazing-adventures-around-the-world,Amazing Adventures Around the World™,base,OFB-EAST:109550790,AmazingAdventures2.exe,/store/amazing-adventures/amazing-adventures-around-the-world/standard-edition?,Automatable,Automatable
amazing-adventures/amazing-adventures-riddle-of-the-two-knights,Amazing Adventures Riddle of the Two Knights™,base,OFB-EAST:109550791,AmazingAdventures5.exe,/store/amazing-adventures/amazing-adventures-riddle-of-the-two-knights/standard-edition?,Automatable,Automatable
amazing-adventures/amazing-adventures-the-caribbean-secret,Amazing Adventures The Caribbean Secret™,base,OFB-EAST:109552133,AmazingAdventures3.exe,/store/amazing-adventures/amazing-adventures-the-caribbean-secret/standard-edition?,Automatable,Automatable
amazing-adventures/amazing-adventures-the-forgotten-dynasty,Amazing Adventures The Forgotten Dynasty™,base,OFB-EAST:109552134,AmazingAdventures4.exe,/store/amazing-adventures/amazing-adventures-the-forgotten-dynasty/standard-edition?,Automatable,Automatable
amazing-adventures/amazing-adventures-the-lost-tomb,Amazing Adventures The Lost Tomb™,base,OFB-EAST:109552135,AmazingAdventures.exe,/store/amazing-adventures/amazing-adventures-the-lost-tomb/standard-edition?,Automatable,Automatable
aragami/aragami,ARAGAMI,base,Origin.OFR.50.0001930,Aragami.exe,/store/aragami/aragami/standard-edition?,Automatable,Automatable
assassins-creed/assassins-creed-iii,Assassin’s Creed® III - Deluxe Edition Benedict Arnold Bonus Single Player Missions,dlc,OFB-EAST:61164,AC3SP.exe,/store/assassins-creed/assassins-creed-iii/addon/assassin-s-creed-iii--deluxe-edition-benedict-arnold-bonus-single-player-missions?,,
assassins-creed/assassins-creed-iii,Assassin’s Creed® III – The Hidden Secrets Pack,dlc,OFB-EAST:60288,AC3SP.exe,/store/assassins-creed/assassins-creed-iii/addon/assassin-s-creed-iii--the-hidden-secrets-pack?,,
assassins-creed/assassins-creed-iii,Assassin’s Creed® III The Betrayal,dlc,OFB-EAST:60291,AC3SP.exe,/store/assassins-creed/assassins-creed-iii/addon/assassin-s-creed-iii-the-betrayal?,,
assassins-creed/assassins-creed-iii,Assassin's Creed® III,base,OFB-EAST:57557,AC3SP.exe,/store/assassins-creed/assassins-creed-iii/standard-edition?,Not automatable: Uplay,Automatable
assassins-creed/assassins-creed-iii,Assassin's Creed® III Deluxe Edition,base_deluxe,OFB-EAST:109545960,AC3SP.exe,/store/assassins-creed/assassins-creed-iii/deluxe-edition?,Not automatable: Uplay,Automatable
assassins-creed/assassins-creed-iii,Assassin's Creed® III: The Battle Hardened Pack,dlc,OFB-EAST:60289,AC3SP.exe,/store/assassins-creed/assassins-creed-iii/addon/assassins-creed-iii-the-battle-hardened-pack?,,
assassins-creed/assassins-creed-iii,Assassin's Creed® III: The Infamy,dlc,OFB-EAST:60290,AC3SP.exe,/store/assassins-creed/assassins-creed-iii/addon/assassins-creed-iii-the-infamy-?,,
assassins-creed/assassins-creed-iii,Assassin's Creed® III: The Redemption,dlc,OFB-EAST:60292,AC3SP.exe,/store/assassins-creed/assassins-creed-iii/addon/assassins-creed-iii-the-redemption?,,
assassins-creed/assassins-creed-iii,Assassin's Creed® III - Season Pass,ulc,Origin.OFR.50.0000133,,/store/assassins-creed/assassins-creed-iii/addon/assassins-creed-iii--season-pass?,,
assassins-creed/assassins-creed-iii,Assassin's Creed® III: George Washington's Notebook,digitalbook,OFB-EAST:61285,,/store/assassins-creed/assassins-creed-iii/addon/assassin-s-creed-iii-the-betrayal?,,
assassins-creed/assassins-creed-iii,The Official Assassin’s Creed® III Soundtrack,soundtrack,OFB-EAST:61163,,/store/assassins-creed/assassins-creed-iii/addon/the-official-assassin-s-creed-iii-soundtrack?,,
assassins-creed/assassins-creed-iv-black-flag,Assassin’s Creed® IV Black Flag™,base,Origin.OFR.50.0000317,AC4BFSP.exe,/store/assassins-creed/assassins-creed-iv-black-flag/standard-edition?,Not automatable: Uplay,Automatable
assassins-creed/assassins-creed-iv-black-flag,Assassin’s Creed® IV Black Flag™ Gold Edition,base,Origin.OFR.50.0000321,AC4BFSP.exe,/store/assassins-creed/assassins-creed-iv-black-flag/gold-edition?,Not automatable: Uplay,Automatable
assassins-creed/assassins-creed-syndicate,Assassin’s Creed® Syndicate,base,Origin.OFR.50.0001182,ACS.exe,/store/assassins-creed/assassins-creed-syndicate/standard-edition?,Not automatable: Uplay,Automatable
assassins-creed/assassins-creed-syndicate,Assassin’s Creed® Syndicate Gold Edition,base,Origin.OFR.50.0001245,ACS.exe,/store/assassins-creed/assassins-creed-syndicate/gold-edition?,Not automatable: Uplay,Automatable
assassins-creed/assassins-creed-unity,Assassin’s Creed® Unity,base,Origin.OFR.50.0000634,ACU.exe,/store/assassins-creed/assassins-creed-unity/standard-edition?,Not automatable: Uplay,Automatable
banner-saga/the-banner-saga,The Banner Saga - Mod Content,dlc,Origin.OFR.50.0001376,ownExecutable,/store/banner-saga/the-banner-saga/addon/the-banner-saga--mod-content?,,
banner-saga/the-banner-saga,The Banner Saga,base,Origin.OFR.50.0001356,The Banner Saga.exe,/store/banner-saga/the-banner-saga/standard-edition?,Automatable,Automatable
banner-saga/the-banner-saga-2,The Banner Saga 2,base,Origin.OFR.50.0001399,The Banner Saga 2.exe,/store/banner-saga/the-banner-saga-2/standard-edition?,Automatable,Automatable
banner-saga/the-banner-saga-2,The Banner Saga 2 Deluxe Edition,base,Origin.OFR.50.0001400,The Banner Saga 2.exe,/store/banner-saga/the-banner-saga-2/deluxe-edition?,Automatable,Automatable
bastion/bastion,Bastion,base,Origin.OFR.50.0001404,Bastion.exe,/store/bastion/bastion/standard-edition?,Automatable,Automatable
batman/batman-arkham-asylum,Batman: Arkham Asylum Game of the Year Edition,base,Origin.OFR.50.0001529,BmLauncher.exe,/store/batman/batman-arkham-asylum/game-of-the-year-edition?,Automatable,Automatable
batman/batman-arkham-asylum,Batman: Arkham Asylum (MAC),base,OFB-EAST:109545554,MAC,/store/batman/batman-arkham-asylum/standard-edition?,Not automatable: Mac,Automatable
batman/batman-arkham-city,Batman: Arkham City Game of the Year Edition,base,Origin.OFR.50.0001860,BmLauncher.exe,/store/batman/batman-arkham-city/game-of-the-year-edition--pc?,Automatable,Automatable
batman/batman-arkham-city,Batman: Arkham City Game of the Year Edition (MAC),base,OFB-EAST:59473,MAC,/store/batman/batman-arkham-city/game-of-the-year-edition--mac?,Not automatable: Mac,Automatable
batman/batman-arkham-origins,Batman™: Arkham Origins,base,Origin.OFR.50.0001405,BatmanOrigins.exe,/store/batman/batman-arkham-origins/standard-edition?,Automatable,Automatable
battlefield/battlefield-1,Battlefield™ 1,base,Origin.OFR.50.0000557,bf1.exe,/store/battlefield/battlefield-1/standard-edition?,Automatable,Not Automatable: Battlelog
battlefield/battlefield-1,Battlefield™ 1 Deluxe Edition,base_deluxe,Origin.OFR.50.0001382,bf1.exe,/store/battlefield/battlefield-1/deluxe-edition?,Automatable,Not Automatable: Battlelog
battlefield/battlefield-1,Battlefield™ 1 Ultimate Edition,base_ultimate,Origin.OFR.50.0001665,bf1.exe,/store/battlefield/battlefield-1/ultimate-edition?,Automatable,Not Automatable: Battlelog
battlefield/battlefield-1,Battlefield™ 1 Deluxe Edition Upgrade,ulc,Origin.OFR.50.0001780,,,,
battlefield/battlefield-1,Battlefield™ 1 Deluxe Upgrade,ulc,,,,,
battlefield/battlefield-1,Battlefield™ 1 Hellfighter Pack,ulc,,,,,
battlefield/battlefield-1,Battlefield™ 1 Premium Pass,ulc,Origin.OFR.50.0001581,,,,
battlefield/battlefield-1,Battlefield™ 1 Shortcut Kit: Infantry Bundle,ulc,Origin.OFR.50.0001547,,,,
battlefield/battlefield-1,Battlefield™ 1 Shortcut Kit: Medic Bundle,ulc,Origin.OFR.50.0001548,,,,
battlefield/battlefield-1,Battlefield™ 1 Shortcut Kit: Scout Bundle,ulc,Origin.OFR.50.0001542,,,,
battlefield/battlefield-1,Battlefield™ 1 Shortcut Kit: Support Bundle,ulc,Origin.OFR.50.0001549,,,,
battlefield/battlefield-1,Battlefield™ 1 Shortcut Kit: Ultimate Bundle,ulc,Origin.OFR.50.0001546,,,,
battlefield/battlefield-1,Battlefield™ 1 Shortcut Kit: Vehicle Bundle,ulc,Origin.OFR.50.0001545,,,,
battlefield/battlefield-3,Battlefield 3™,base,DR:225064100,bf3.exe,/store/battlefield/battlefield-3/standard-edition?,Automatable,Not Automatable: Battlelog
battlefield/battlefield-3,Battlefield 3™ Armored Kill,dlc,OFB-EAST:51080,bf3.exe,/store/battlefield/battlefield-3/expansion/battlefield-3-armored-kill?,,
battlefield/battlefield-3,Battlefield 3™ Back to Karkand Expansion Pack,dlc,OFB-EAST:41331,bf3.exe,/store/battlefield/battlefield-3/expansion/battlefield-3-back-to-karkand-expansion-pack?,,
battlefield/battlefield-3,Battlefield 3™ Premium Edition,base_premium,DR:255751200,bf3.exe,/store/battlefield/battlefield-3/premium-edition?,Automatable,Not Automatable: Battlelog
battlefield/battlefield-3,Battlefield 3™: Aftermath,dlc,OFB-EAST:55172,bf3.exe,/store/battlefield/battlefield-3/expansion/battlefield-3-aftermath?,,
battlefield/battlefield-3,Battlefield 3™: Close Quarters,dlc,OFB-EAST:50631,bf3.exe,/store/battlefield/battlefield-3/expansion/battlefield-3-close-quarters?,,
battlefield/battlefield-3,Battlefield 3™: End Game,dlc,OFB-EAST:109546437,bf3.exe,/store/battlefield/battlefield-3/expansion/battlefield-3-end-game?,,
battlefield/battlefield-3,Air Vehicle Shortcut,ulc,OFB-EAST:55621,,,,
battlefield/battlefield-3,Assault Kit Shortcut,ulc,OFB-EAST:109541468,,,,
battlefield/battlefield-3,Battlefield 3 Welcome Pack,ulc,,,,,
battlefield/battlefield-3,Battlefield 3™ Premium,ulc,OFB-EAST:50401,,,,
battlefield/battlefield-3,Battlefield 3™ SPECACT Kit & Dog Tag Bundle,ulc,OFB-EAST:60868,,,,
battlefield/battlefield-3,Co-op Weapons Shortcut,ulc,OFB-EAST:109541467,,,,
battlefield/battlefield-3,Engineer Kit Shortcut,ulc,OFB-EAST:109541474,,,,
battlefield/battlefield-3,Ground Vehicle Shortcut,ulc,OFB-EAST:109541471,,,,
battlefield/battlefield-3,Kit Shortcut Bundle,ulc,OFB-EAST:109541470,,,,
battlefield/battlefield-3,Recon Kit Shortcut,ulc,OFB-EAST:109541473,,,,
battlefield/battlefield-3,Support Kit Shortcut,ulc,OFB-EAST:109541466,,,,
battlefield/battlefield-3,The Ultimate Shortcut Bundle,ulc,OFB-EAST:109541472,,,,
battlefield/battlefield-3,Vehicle Shortcut Bundle,ulc,OFB-EAST:109541475,,,,
battlefield/battlefield-4,Battlefield 4™,base,OFB-EAST:109546867,bf4.exe,,Automatable,Not Automatable: Battlelog
battlefield/battlefield-4,Battlefield 4™ China Rising,dlc,OFB-EAST:109550763,bf4.exe,,,
battlefield/battlefield-4,Battlefield 4™ Community Operations,dlc,Origin.OFR.50.0000909,bf4.exe,,,
battlefield/battlefield-4,Battlefield 4™ Digital Deluxe,base_deluxe,OFB-EAST:109549060,bf4.exe,,Automatable,Not Automatable: Battlelog
battlefield/battlefield-4,Battlefield 4™ Dragon's Teeth,dlc,OFB-EAST:109550764,bf4.exe,,,
battlefield/battlefield-4,Battlefield 4™ Final Stand,dlc,OFB-EAST:109550823,bf4.exe,,,
battlefield/battlefield-4,Battlefield 4™ Legacy Operations,dlc,Origin.OFR.50.0000911,bf4.exe,,,
battlefield/battlefield-4,Battlefield 4™ Naval Strike,dlc,OFB-EAST:109550765,bf4.exe,,,
battlefield/battlefield-4,Battlefield 4™ Night Operations,dlc,Origin.OFR.50.0000910,bf4.exe,,,
battlefield/battlefield-4,Battlefield 4™ Premium Edition,base_premium,OFB-EAST:109552316,bf4.exe,,Automatable,Not Automatable: Battlelog
battlefield/battlefield-4,Battlefield 4™ Second Assault,dlc,OFB-EAST:109550761,bf4.exe,,,
battlefield/battlefield-4,Battlefield 4™ Air Vehicle Shortcut Kit,ulc,Origin.OFR.50.0000036,,,,
battlefield/battlefield-4,Battlefield 4™ Assault Shortcut Kit,ulc,Origin.OFR.50.0000034,,,,
battlefield/battlefield-4,Battlefield 4™ Carbine Shortcut Kit,ulc,Origin.OFR.50.0000355,,,,
battlefield/battlefield-4,Battlefield 4™ DMR Shortcut Kit,ulc,Origin.OFR.50.0000363,,,,
battlefield/battlefield-4,Battlefield 4™ Engineer Shortcut Kit,ulc,Origin.OFR.50.0000033,,,,
battlefield/battlefield-4,Battlefield 4™ Grenade Shortcut Kit,ulc,Origin.OFR.50.0000360,,,,
battlefield/battlefield-4,Battlefield 4™ Ground & Sea Vehicle Shortcut Kit,ulc,Origin.OFR.50.0000037,,,,
battlefield/battlefield-4,Battlefield 4™ Handgun Shortcut Kit,ulc,Origin.OFR.50.0000359,,,,
battlefield/battlefield-4,Battlefield 4™ Premium Membership,ulc,OFB-EAST:109550762,,,,
battlefield/battlefield-4,Battlefield 4™ Recon Shortcut Kit,ulc,Origin.OFR.50.0000032,,,,
battlefield/battlefield-4,Battlefield 4™ Shotgun Shortcut Kit,ulc,Origin.OFR.50.0000364,,,,
battlefield/battlefield-4,Battlefield 4™ Soldier Shortcut Bundle,ulc,Origin.OFR.50.0000035,,,,
battlefield/battlefield-4,Battlefield 4™ Support Shortcut Kit,ulc,Origin.OFR.50.0000031,,,,
battlefield/battlefield-4,Battlefield 4™ Ultimate Shortcut Bundle,ulc,Origin.OFR.50.0000039,,,,
battlefield/battlefield-4,Battlefield 4™ Vehicle Shortcut Bundle,ulc,Origin.OFR.50.0000038,,,,
battlefield/battlefield-4,Battlefield 4™ Weapon Shortcut Bundle,ulc,Origin.OFR.50.0000392,,,,
battlefield/battlefield-bad-company-2,Battlefield: Bad Company™ 2,base,DR:156691300,BFBC2Game.exe,/store/battlefield/battlefield-bad-company-2/standard-edition?,Automatable,Automatable
battlefield/battlefield-bad-company-2,Battlefield: Bad Company™ 2 Digital Deluxe Edition,base,OFB-EAST:60885,BFBC2Game.exe,/store/battlefield/battlefield-bad-company-2/digital-deluxe-edition?,Automatable,Automatable
battlefield/battlefield-hardline,Battlefield™ Hardline Digital Deluxe,base_deluxe,Origin.OFR.50.0000519,BFHWebHelper.exe,/store/battlefield/battlefield-hardline/digital-deluxe-edition?,Automatable,Not Automatable: Battlelog
battlefield/battlefield-hardline,Battlefield™ Hardline Standard Edition,base,Origin.OFR.50.0000426,BFHWebHelper.exe,/store/battlefield/battlefield-hardline/standard-edition?,Automatable,Not Automatable: Battlelog
battlefield/battlefield-hardline,Battlefield™ Hardline Ultimate Edition,base_ultimate,Origin.OFR.50.0000846,BFHWebHelper.exe,/store/battlefield/battlefield-hardline/ultimate-edition?,Automatable,Not Automatable: Battlelog
battlefield/battlefield-hardline,Battlefield™ Hardline Criminal Activity,dlc,Origin.OFR.50.0000824,,/store/battlefield/battlefield-hardline/expansion/battlefield-hardline-criminal-activity?,,
battlefield/battlefield-hardline,Battlefield™ Hardline Enforcer Shortcut Unlock,ulc,Origin.OFR.50.0000723,,,,
battlefield/battlefield-hardline,Battlefield™ Hardline Gear Shortcut Unlock,ulc,Origin.OFR.50.0000934,,,,
battlefield/battlefield-hardline,Battlefield™ Hardline Getaway,dlc,Origin.OFR.50.0000826,,/store/battlefield/battlefield-hardline/expansion/battlefield-hardline-getaway?,,
battlefield/battlefield-hardline,Battlefield™ Hardline Mechanic Shortcut Unlock,ulc,Origin.OFR.50.0000722,,,,
battlefield/battlefield-hardline,Battlefield™ Hardline Operator Shortcut Unlock,ulc,Origin.OFR.50.0000721,,,,
battlefield/battlefield-hardline,Battlefield™ Hardline Player Shortcut Unlock,ulc,Origin.OFR.50.0000805,,,,
battlefield/battlefield-hardline,Battlefield™ Hardline Premium,ulc,Origin.OFR.50.0000822,,,,
battlefield/battlefield-hardline,Battlefield™ Hardline Professional Shortcut Unlock,ulc,Origin.OFR.50.0000710,,,,
battlefield/battlefield-hardline,Battlefield™ Hardline Robbery,dlc,Origin.OFR.50.0000825,,/store/battlefield/battlefield-hardline/expansion/battlefield-hardline-robbery?,,
battlefield/battlefield-hardline,Battlefield™ Hardline Ultimate Shortcut Unlock,ulc,Origin.OFR.50.0000807,,,,
battlefield/battlefield-hardline,Battlefield™ Hardline Vehicle Shortcut Unlock,ulc,Origin.OFR.50.0000806,,,,
battlefield/battlefield-hardline,Battlefield™ Hardline: Betrayal,dlc,Origin.OFR.50.0000827,,/store/battlefield/battlefield-hardline/expansion/battlefield-hardline-betrayal?,,
battlefield/battlefield-hardline,Precision Battlepack,ulc,,,,,
battlefield/battlefield-hardline,Suppression Battlepack,ulc,,,,,
battlefield/battlefield-hardline,Versatility Battlepack,ulc,,,,,
beholder/beholder,Beholder,base,Origin.OFR.50.0001958,Beholder.exe,/store/beholder/beholder/standard-edition?,Automatable,Automatable
beholder/beholder,Beholder: Blissful Sleep,base,Origin.OFR.50.0002145,Beholder Blissful Sleep.exe,/store/beholder/beholder/digital-standard-edition?,Automatable,Automatable
bejeweled/bejeweled-3,Bejeweled® 3,base,OFB-EAST:49753,Bejeweled3.exe,/store/bejeweled/bejeweled-3/standard-edition?,Automatable,Not Automatable: API Entitled
bejeweled/bejeweled-twist,Bejeweled Twist™,base,OFB-EAST:109550788,BejeweledTwist.exe,/store/bejeweled/bejeweled-twist/standard-edition?,Automatable,Automatable
big-money/big-money,Big Money™,base,OFB-EAST:109552136,BigMoney.exe,/store/big-money/big-money/standard-edition?,Automatable,Automatable
blackguards/blackguards,Blackguards,base,Origin.OFR.50.0000445,Blackguards.exe,/store/blackguards/blackguards/standard-edition?,Automatable,Automatable
book-of-unwritten-tales/the-book-of-unwritten-tales-2,The Book of Unwritten Tales 2,base,Origin.OFR.50.0000857,BouT2.exe,/store/book-of-unwritten-tales/the-book-of-unwritten-tales-2/standard-edition?,Automatable,Automatable
book-of-unwritten-tales/the-book-of-unwritten-tales-2,The Book of Unwritten Tales 2 Almanac Edition,base,Origin.OFR.50.0000863,BouT2.exe,/store/book-of-unwritten-tales/the-book-of-unwritten-tales-2/almanac-edition?,Automatable,Automatable
book-of-unwritten-tales/the-book-of-unwritten-tales-the-critter-chronicles-standard-edition,The Book of Unwritten Tales: The Critter Chronicles Standard Edition,base,OFB-EAST:109547078,CritterChronicles.exe,/store/book-of-unwritten-tales/the-book-of-unwritten-tales-the-critter-chronicles-standard-edition/standard-edition?,Not Automatable: External Installer,Automatable
bound-by-flame/bound-by-flame,Bound by Flame,base,Origin.OFR.50.0000508,BoundByFlame.exe,/store/bound-by-flame/bound-by-flame/standard-edition?,Automatable,Automatable
burnout/burnout-paradise,Burnout™ Paradise The Ultimate Box,base,DR:106479900,BurnoutLauncher.exe,/store/burnout/burnout-paradise/ultimate-edition?,Not Automatable: External Installer,Automatable
cities/cities-xl-2012,CITIES XL 2012,base,OFB-EAST:56399,CitiesXL_2012.exe,/store/cities/cities-xl-2012/standard-edition?,Not Automatable: External Installer,Automatable
command-and-conquer/command-and-conquer-3,Command & Conquer 3 Tiberium Wars™,base,DR:72859500,CNC3Launcher.exe,/store/command-and-conquer/command-and-conquer-3/standard-edition?,Not Automatable: API Entitled,Automatable
command-and-conquer/command-and-conquer-4,Command & Conquer™ 4 Tiberian Twilight,base,DR:139544900,CNC4.exe,/store/command-and-conquer/command-and-conquer-4/standard-edition?,Automatable,Automatable
command-and-conquer/command-and-conquer-red-alert-3,Command & Conquer™ Red Alert™ 3,base,DR:106608500,RA3Launcher.exe,/store/command-and-conquer/command-and-conquer-red-alert-3/standard-edition?,Not Automatable: External Installer,Automatable
crusader/crusader-no-regret,Crusader: No Regret™,base,OFB-EAST:39132,DOSBox.exe,/store/crusader/crusader-no-regret/standard-edition?,Automatable,Not Automatable: DOSBox.exe
crusader/crusader-no-remorse,Crusader: No Remorse™,base,DR:231812900,DOSBox.exe,/store/crusader/crusader-no-remorse/standard-edition?,Automatable,Not Automatable: DOSBox.exe
crusader-kings/crusader-kings-ii,Crusader Kings II,base,OFB-EAST:46562,Setup.exe,/store/crusader-kings/crusader-kings-ii/standard-edition?,Not Automatable: Steam,Automatable
crysis/crysis,Crysis®,base,OFB-EAST:57289,Crysis.exe,/store/crysis/crysis/standard-edition?,Automatable,Not Automatable: API Entitled
crysis/crysis-2,Crysis® 2 Maximum Edition,base,OFB-EAST:49464,Crysis2.exe,/store/crysis/crysis-2/maximum-edition?,Automatable,Automatable
crysis/crysis-3,Crysis® 3,base,OFB-EAST:49459,Crysis3.exe,/store/crysis/crysis-3/standard-edition?,Automatable,Not Automatable: API Entitled
crysis/crysis-3,Crysis® 3 Digital Deluxe Edition,base_deluxe,Origin.OFR.50.0001097,Crysis3.exe,/store/crysis/crysis-3/digital-deluxe-edition?,Automatable,Automatable
crysis/crysis-3,Crysis® 3 Hunter Edition,base_hunter,OFB-EAST:49562,Crysis3.exe,,Automatable,Automatable
crysis/crysis-3,Crysis® 3: The Lost Island,dlc,OFB-EAST:55842,Crysis3.exe,/store/crysis/crysis-3/addon/crysis-3-the-lost-island?,,
crysis/crysis-3,Crysis® 3 Brawler Pack,ulc,,,,,
crysis/crysis-3,Crysis® 3 Soundtrack,soundtrack,,,,,
crysis/crysis-3,Crysis® 3 Stalker Pack,ulc,,,,,
crysis/crysis-3,Crysis® 3: Overkill Pack,ulc,,,,,
crysis/crysis-trilogy,Crysis® Trilogy,base,Origin.OFR.50.0001103,CritterChronicles.exe,/store/crysis/crysis-trilogy/crysis-trilogy?,Automatable,Automatable
dark/dark,DARK,base,OFB-EAST:109551149,Setup.exe,/store/dark/dark/standard-edition?,Not Automatable: Steam,Automatable
darksiders/darksiders,Darksiders Warmastered Edition,base,Origin.OFR.50.0001899,darksiders1.exe,/store/darksiders/darksiders/standard-edition?,Automatable,Automatable
dead-in-bermuda/dead-in-bermuda,DEAD IN BERMUDA,base,Origin.OFR.50.0001956,Dead In Bermuda.exe,/store/dead-in-bermuda/dead-in-bermuda/standard-edition?,Automatable,Automatable
dead-island/dead-island,Dead Island - Game of the Year Edition,base,OFB-EAST:56556,Setup.exe,/store/dead-island/dead-island/game-of-the-year-edition?,Not Automatable: Steam,Automatable
dead-island/dead-island-riptide,Dead Island Riptide,base,OFB-EAST:109549360,Setup.exe,/store/dead-island/dead-island-riptide/standard-edition?,Not Automatable: Steam,Automatable
dead-space/dead-space,Dead Space™,base,OFB-EAST:109547468,Dead Space.exe,/store/dead-space/dead-space/standard-edition?,Automatable,Not Automatable: API Entitled
dead-space/dead-space-2,Dead Space™ 2,base,OFB-EAST:55619,deadspace2.exe,/store/dead-space/dead-space-2/standard-edition?,Automatable,Not Automatable: API Entitled
dead-space/dead-space-3,Awakened,dlc,OFB-EAST:109546295,deadspace3.exe,/store/dead-space/dead-space-3/expansion/awakened?,,
dead-space/dead-space-3,Dead Space™ 3,base,OFB-EAST:50885,deadspace3.exe,/store/dead-space/dead-space-3/standard-edition?,Automatable,Not Automatable: API Entitled
dead-space/dead-space-3,Bot Accelerator,ulc,OFB-EAST:109546362,,,,
dead-space/dead-space-3,Bot Capacity Upgrade,ulc,OFB-EAST:109546361,,,,
dead-space/dead-space-3,Bot Personality Pack,ulc,OFB-EAST:109546360,,,,
dead-space/dead-space-3,EG-900 SMG,ulc,OFB-EAST:109546363,,,,
dead-space/dead-space-3,Enervator,ulc,OFB-EAST:109546714,,,,
dead-space/dead-space-3,First Contact Pack,ulc,OFB-EAST:109546301,,,,
dead-space/dead-space-3,Marauder Pack,ulc,OFB-EAST:109546299,,,,
dead-space/dead-space-3,Sharpshooter Pack,ulc,OFB-EAST:109546300,,,,
dead-space/dead-space-3,Tau Volantis Survival Kit,ulc,OFB-EAST:59716,,,,
dead-space/dead-space-3,Tundra Recon Pack,ulc,OFB-EAST:109546298,,,,
dead-space/dead-space-3,Witness the Truth Pack,ulc,OFB-EAST:109546302,,,,
deponia/goodbye-deponia,Goodbye Deponia,base,OFB-EAST:1000009,deponia3.exe,/store/deponia/goodbye-deponia/standard-edition?,Automatable,Automatable
devil-may-cry/dmc-devil-may-cry,DmC Devil May Cry™,base,OFB-EAST:109546497,Setup.exe,/store/devil-may-cry/dmc-devil-may-cry/standard-edition?,Not Automatable: Steam,Automatable
dragon-age/dragon-age-ii,Dragon Age™ II,base,OFB-EAST:59474,DragonAge2.exe,/store/dragon-age/dragon-age-ii/standard-edition?,Automatable,Not Automatable: API Entitled
dragon-age/dragon-age-inquisition,Dragon Age™: Inquisition,base,OFB-EAST:51937,DragonAgeInquisition.exe,/store/dragon-age/dragon-age-inquisition/standard-edition,Automatable,Automatable
dragon-age/dragon-age-inquisition,Dragon Age™: Inquisition - Game of the Year Edition,base_game_of_the_year,Origin.OFR.50.0001131,DragonAgeInquisition.exe,/store/dragon-age/dragon-age-inquisition/game-of-the-year-edition?,Automatable,Automatable
dragon-age/dragon-age-inquisition,Dragon Age™: Inquisition Digital Deluxe,base_deluxe,OFB-EAST:1000032,DragonAgeInquisition.exe,/store/dragon-age/dragon-age-inquisition/digital-deluxe-edition?,Automatable,Automatable
dragon-age/dragon-age-inquisition,Dragon Age: Inquisition - Deluxe Content,dlc,Origin.OFR.50.0000496,,,,
dragon-age/dragon-age-inquisition,Dragon Age™: Inquisition - Destruction Multiplayer Expansion,dlc,Origin.OFR.50.0000674,,/store/dragon-age/dragon-age-inquisition/addon/dragon-age-inquisition--destruction-multiplayer-expansion?,,
dragon-age/dragon-age-inquisition,Dragon Age™: Inquisition - Dragonslayer Multiplayer Expansion,dlc,Origin.OFR.50.0000828,,/store/dragon-age/dragon-age-inquisition/addon/dragon-age-inquisition--dragonslayer-multiplayer-expansion?,,
dragon-age/dragon-age-inquisition,Dragon Age™: Inquisition - Jaws of Hakkon,dlc,Origin.OFR.50.0000675,,/store/dragon-age/dragon-age-inquisition/addon/dragon-age-inquisition--jaws-of-hakkon?,,
dragon-age/dragon-age-inquisition,Dragon Age™: Inquisition - Spoils of the Avvar,dlc,Origin.OFR.50.0000985,,/store/dragon-age/dragon-age-inquisition/addon/dragon-age-inquisition--spoils-of-the-avvar?,,
dragon-age/dragon-age-inquisition,Dragon Age™: Inquisition - Spoils of the Qunari,dlc,Origin.OFR.50.0001047,,/store/dragon-age/dragon-age-inquisition/addon/dragon-age-inquisition--spoils-of-the-qunari?,,
dragon-age/dragon-age-inquisition,Dragon Age™: Inquisition - The Black Emporium,dlc,Origin.OFR.50.0000858,,/store/dragon-age/dragon-age-inquisition/addon/dragon-age-inquisition--the-black-emporium?,,
dragon-age/dragon-age-inquisition,Dragon Age™: Inquisition - The Descent,dlc,Origin.OFR.50.0001055,,/store/dragon-age/dragon-age-inquisition/addon/dragon-age-inquisition--the-descent?,,
dragon-age/dragon-age-inquisition,Dragon Age™: Inquisition - Trespasser,dlc,Origin.OFR.50.0001056,,/store/dragon-age/dragon-age-inquisition/addon/dragon-age-inquisition--trespasser?,,
dragon-age/dragon-age-inquisition,Dragon Age™: Inquisition English Voice Over Pack,dlc,Origin.OFR.50.0000665,,,,
dragon-age/dragon-age-inquisition,Dragon Age™: Inquisition Official Game Soundtrack,soundtrack,OFB-EAST:57877,,,,
dragon-age/dragon-age-inquisition,Flames of the Inquisition Armor,dlc,Origin.OFR.50.0000499,,,,
dragon-age/dragon-age-inquisition,Flames of the Inquisition Armored Mount,dlc,Origin.OFR.50.0000502,,,,
dragon-age/dragon-age-inquisition,Flames of the Inquisition Weapons,dlc,Origin.OFR.50.0000501,,,,
dragon-age/dragon-age-origins,Dragon Age™: Origins,base,OFB-EAST:51582,daorigins.exe,/store/dragon-age/dragon-age-origins/standard-edition?,Automatable,Automatable
dragon-age/dragon-age-origins,Dragon Age™: Origins - Ultimate Edition,base_ultimate,Origin.OFR.50.0001535,daorigins.exe,/store/dragon-age/dragon-age-origins/ultimate-edition?,Automatable,Automatable
dragon-age/dragon-age-origins,Dragon Age™: Origins Digital Deluxe Edition,base_deluxe,Origin.OFR.50.0001540,daorigins.exe,/store/dragon-age/dragon-age-origins/digital-deluxe-edition?,Automatable,Automatable
dragon-age/dragon-age-origins,Blood Dragon Armor for Dragon Age: Origins,dlc,OFB-DRGN:18025,,/store/dragon-age/dragon-age-origins/addon/blood-dragon-armor-for-dragon-age-origins?,,
dragon-age/dragon-age-origins,Dragon Age: Origins Promotional Pack,dlc,,,,,
dragon-age/dragon-age-origins,Dragon Age: Origins Soundtrack (Digital Deluxe Edition),soundtrack,OFB-EAST:57877,,/store/dragon-age/dragon-age-origins/addon/dragon-age-origins-soundtrack-digital-deluxe-edition-?,,
dragon-age/dragon-age-origins,Dragon Age: Origins Wallpapers (Digital Deluxe Edition),wallpapers,OFB-EAST:57876,,/store/dragon-age/dragon-age-origins/addon/dragon-age-origins-wallpapers-digital-deluxe-edition-?,,
dragon-age/dragon-age-origins,Dragon Age™: Origins - Awakening,dlc,DR:169789300,,/store/dragon-age/dragon-age-origins/expansion/dragon-age-origins--awakening?,,
dragon-age/dragon-age-origins,Feastday Combo Pack,dlc,OFB-DRGN:109555787,,/store/dragon-age/dragon-age-origins/addon/feastday-combo-pack?,,
dragon-age/dragon-age-origins,Feastday Gifts,dlc,OFB-DRGN:19579,,/store/dragon-age/dragon-age-origins/addon/feastday-gifts?,,
dragon-age/dragon-age-origins,Feastday Pranks,dlc,OFB-DRGN:20450,,/store/dragon-age/dragon-age-origins/addon/feastday-pranks?,,
dragon-age/dragon-age-origins,Golems Of Amgarrak,dlc,OFB-DRGN:20463,,/store/dragon-age/dragon-age-origins/addon/the-golems-of-amgarrak?,,
dragon-age/dragon-age-origins,Leliana's Song,dlc,OFB-DRGN:20462,,/store/dragon-age/dragon-age-origins/addon/lelianas-song?,,
dragon-age/dragon-age-origins,Return to Ostagar,dlc,OFB-DRGN:18829,,/store/dragon-age/dragon-age-origins/addon/return-to-ostagar?,,
dragon-age/dragon-age-origins,The Darkspawn Chronicles,dlc,OFB-DRGN:20461,,/store/dragon-age/dragon-age-origins/addon/the-darkspawn-chronicles?,,
dragon-age/dragon-age-origins,The Stone Prisoner,dlc,OFB-DRGN:17763,,/store/dragon-age/dragon-age-origins/addon/the-stone-prisoner?,,
dragon-age/dragon-age-origins,Warden's Keep,dlc,OFB-DRGN:17762,,/store/dragon-age/dragon-age-origins/addon/wardens-keep?,,
dragon-age/dragon-age-origins,Witch Hunt,dlc,OFB-DRGN:20464,,/store/dragon-age/dragon-age-origins/addon/witch-hunt?,,
dungeon-keeper/dungeon-keeper,Dungeon Keeper™,base,DR:231813000,DOSBox.exe,/store/dungeon-keeper/dungeon-keeper/standard-edition?,Automatable,Not Automatable: DOSBox.exe
dungeon-keeper/dungeon-keeper-2,Dungeon Keeper™ 2,base,OFB-EAST:39131,DKII-DX.exe,/store/dungeon-keeper/dungeon-keeper-2/standard-edition?,Automatable,Automatable
dungeonsofdredmor/dungeons-of-dredmor,Dungeons of Dredmor Complete,base,Origin.OFR.50.0001371,Dungeons of Dredmor.exe,/store/dungeonsofdredmor/dungeons-of-dredmor/standard-edition?,Automatable,Automatable
dynomite/dynomite-,Dynomite!™,base,OFB-EAST:109552140,dynomite.exe,/store/dynomite/dynomite-/standard-edition?,Automatable,Automatable
epistory/epistory,Epistory - Typing Chronicles,base,Origin.OFR.50.0001938,Epistory_x64.exe,/store/epistory/epistory/standard-edition?,Automatable,Automatable
escape/escape-rosecliff-island,Escape Rosecliff Island™,base,Origin.OFR.50.0000301,EscapeRosecliffIsland.exe,/store/escape/escape-rosecliff-island/standard-edition?,Automatable,Automatable
escape/escape-the-emerald-star,Escape The Emerald Star™,base,OFB-EAST:109552141,EscapeTheEmeraldStar.exe,/store/escape/escape-the-emerald-star/standard-edition?,Automatable,Automatable
escape/escape-whisper-valley,Escape Whisper Valley™,base,OFB-EAST:109552131,EscapeWhisperValley.exe,/store/escape/escape-whisper-valley/standard-edition?,Automatable,Automatable
euro-truck-simulator/euro-truck-simulator-2,Euro Truck Simulator 2,base,OFB-EAST:55705,eurotrucks2.exe,/store/euro-truck-simulator/euro-truck-simulator-2/standard-edition?,Not Automatable: External Installer,Automatable
far-cry/far-cry-3,Far Cry® 3,base,OFB-EAST:57511,upc.exe,/store/far-cry/far-cry-3/standard-edition?,Not automatable: Uplay,Automatable
far-cry/far-cry-3,Far Cry® 3 Deluxe Edition,base,OFB-EAST:57513,upc.exe,/store/far-cry/far-cry-3/deluxe-edition?,Not automatable: Uplay,Automatable
far-cry/far-cry-3-blood-dragon,Far Cry® 3 Blood Dragon,base,Origin.OFR.50.0000592,upc.exe,/store/far-cry/far-cry-3-blood-dragon/standard-edition?,Not automatable: Uplay,Automatable
far-cry/far-cry-4,Far Cry® 4,base,Origin.OFR.50.0000630,upc.exe,/store/far-cry/far-cry-4/standard-edition?,Not automatable: Uplay,Automatable
far-cry/far-cry-4,Far Cry® 4 Gold Edition,base,Origin.OFR.50.0000632,upc.exe,/store/far-cry/far-cry-4/gold-edition?,Not automatable: Uplay,Automatable
farming-simulator/farming-simulator-15,Farming Simulator 15,base,Origin.OFR.50.0000734,FarmingSimulator2015.exe,/store/farming-simulator/farming-simulator-15/standard-edition?,Automatable,Not Automatable: External Authenticator
farming-simulator/farming-simulator-17,Farming Simulator 17,base,Origin.OFR.50.0001787,FarmingSimulator2017.exe,/store/farming-simulator/farming-simulator-17/standard-edition?,Automatable,Not Automatable: External Authenticator
farming-simulator/farming-simulator-2013,Farming-Simulator 2013®,base,OFB-EAST:56820,FarmingSimulator2013.exe,/store/farming-simulator/farming-simulator-2013/standard-edition?,Automatable,Automatable
feeding-frenzy/feeding-frenzy-2,Feeding Frenzy™ 2 Deluxe,base,OFB-EAST:109552142,FeedingFrenzy2.exe,/store/feeding-frenzy/feeding-frenzy-2/deluxe-edition?,Automatable,Automatable
fifa/fifa-15,FIFA 15,base,Origin.OFR.50.0000462,fifaconfig.exe,/store/fifa/fifa-15/standard-edition?,Automatable,Automatable
fifa/fifa-16,FIFA 16,base,Origin.OFR.50.0000781,fifaconfig.exe,/store/fifa/fifa-16/standard-edition?,Automatable,Automatable
fifa/fifa-16,FIFA 16 Deluxe Edition,base,Origin.OFR.50.0000943,fifaconfig.exe,/store/fifa/fifa-16/deluxe-edition?,Automatable,Automatable
fifa/fifa-16,FIFA 16 Super Deluxe Edition,base,Origin.OFR.50.0000945,fifaconfig.exe,/store/fifa/fifa-16/super-deluxe-edition?,Automatable,Automatable
fifa/fifa-17,FIFA 17,base,Origin.OFR.50.0001057,fifaconfig.exe,/store/fifa/fifa-17/standard-edition?,Automatable,Automatable
fifa/fifa-17,FIFA 17 Deluxe Edition,base,Origin.OFR.50.0001509,fifaconfig.exe,/store/fifa/fifa-17/deluxe-edition?,Automatable,Automatable
fifa/fifa-17,FIFA 17 Super Deluxe Edition,base,Origin.OFR.50.0001511,fifaconfig.exe,/store/fifa/fifa-17/super-deluxe-edition?,Automatable,Automatable
for-honor/for-honor,For Honor™ Deluxe Edition,base,Origin.OFR.50.0001696,upc.exe,/store/for-honor/for-honor/deluxe-edition?,Not automatable: Uplay,Automatable
for-honor/for-honor,For Honor™ Gold Edition,base,Origin.OFR.50.0001706,upc.exe,/store/for-honor/for-honor/gold-edition?,Not automatable: Uplay,Automatable
for-honor/for-honor,For Honor™ Standard Edition,base,Origin.OFR.50.0001686,upc.exe,/store/for-honor/for-honor/standard-edition?,Not automatable: Uplay,Automatable
formula-one/f1-2012,F1 2012™,base,OFB-EAST:56821,Setup.exe,/store/formula-one/f1-2012/standard-edition?,Not automatable: Steam,Automatable
formula-one/f-race-stars,F1 RACE STARS,base,OFB-EAST:57531,Setup.exe,/store/formula-one/f-race-stars/standard-edition?,Not automatable: Steam,Automatable
furi/furi,Furi,base,Origin.OFR.50.0001935,Furi.exe,/store/furi/furi/standard-edition?,Automatable,Automatable
game-of-life/the-game-of-life,The Game of Life™,base,OFB-EAST:59024,MAC,/store/game-of-life/the-game-of-life/standard-edition?,Not automatiable: Mac,Automatable
game-of-thrones/game-of-thrones,Game of Thrones,base,OFB-EAST:49030,External Installer,/store/game-of-thrones/game-of-thrones/standard-edition?,Not autoextiable: External Installer,Automatable
ghost-1-0/ghost-1-0,GHOST 1.0,base,Origin.OFR.50.0002253,ghost.exe,/store/ghost-1-0/ghost-1-0/standard-edition?,Automatable,Automatable
giana-sisters/giana-sisters-twisted-dreams,Giana Sisters: Twisted Dreams,base,OFB-EAST:59316,GSLauncher.exe,/store/giana-sisters/giana-sisters-twisted-dreams/standard-edition?,Automatable,Automatable
hacknet/hacknet,Hacknet,base,Origin.OFR.50.0002048,hacknet.exe,/store/hacknet/hacknet/standard-edition?,Automatable,Automatable
hacknet/hacknet,Hacknet Complete Edition,base,Origin.OFR.50.0002132,hacknet.exe,/store/hacknet/hacknet/complete-edition?,Automatable,Automatable
hacknet/hacknet,Hacknet Ultimate Edition,base,Origin.OFR.50.0002133,hacknet.exe,/store/hacknet/hacknet/ultimate-edition?,Automatable,Automatable
hasbro/monopoly,Monopoly,base,OFB-EAST:55320,MAC,/store/hasbro/monopoly/standard-edition?,Not automatable: Mac,Automatable
hitman/hitman-absolution,Hitman: Absolution™,base,OFB-EAST:109548635,Setup.exe,/store/hitman/hitman-absolution/standard-edition?,Not autosetable: Steam,Automatable
insaniquarium/insaniquarium,Insaniquarium™,base,OFB-EAST:109552143,Insaniquarium.exe,/store/insaniquarium/insaniquarium/standard-edition?,Automatable,Automatable
inside/inside,INSIDE,base,Origin.OFR.50.0001941,INSIDE.exe,/store/inside/inside/standard-edition?,Automatable,Automatable
jade-empire/jade-empire,Jade Empire™: Special Edition,base,OFB-EAST:1000017,JadeEmpire.exe,/store/jade-empire/jade-empire/special-edition?,Automatable,Automatable
kingdoms-of-amalur-reckoning/kingdoms-of-amalur-reckoning,Kingdoms of Amalur: Reckoning™,base,DR:232511600,Reckoning.exe,/store/kingdoms-of-amalur-reckoning/kingdoms-of-amalur-reckoning/standard-edition?,Automatable,Not Automatable: API Entitled
kingdoms-of-amalur-reckoning/kingdoms-of-amalur-reckoning,Kingdoms of Amalur: Reckoning™ - Teeth of Naros,dlc,OFB-EAST:45294,Reckoning.exe,/store/kingdoms-of-amalur-reckoning/kingdoms-of-amalur-reckoning/addon/kingdoms-of-amalur-reckoning--teeth-of-naros?,,
kingdoms-of-amalur-reckoning/kingdoms-of-amalur-reckoning,Kingdoms of Amalur: Reckoning™ - The Legend of Dead Kel™,dlc,OFB-EAST:45293,Reckoning.exe,/store/kingdoms-of-amalur-reckoning/kingdoms-of-amalur-reckoning/addon/kingdoms-of-amalur-reckoning--the-legend-of-dead-kel?,,
kingdoms-of-amalur-reckoning/kingdoms-of-amalur-reckoning,Kingdoms of Amalur: Reckoning™ - Weapons & Armor Bundle Downloadable Content,dlc,DR:244122500,Reckoning.exe,/store/kingdoms-of-amalur-reckoning/kingdoms-of-amalur-reckoning/addon/kingdoms-of-amalur-reckoning--weapons--armor-bundle-downloadable-content?,,
lands-of-lore/lands-of-lore-guardians-of-destiny,Lands of Lore™ Guardians of Destiny,base,OFB-EAST:49461,DOSBox.exe,/store/lands-of-lore/lands-of-lore-guardians-of-destiny/standard-edition?,Automatable,Not Automatable: DOSBox.exe
lands-of-lore/lands-of-lore-iii,Lands of Lore™ III,base,OFB-EAST:49462,LOL3.EXE,/store/lands-of-lore/lands-of-lore-iii/standard-edition?,Automatable,Automatable
lands-of-lore/lands-of-lore-the-throne-of-chaos,Lands of Lore™: The Throne of Chaos,base,OFB-EAST:49460,DOSBox.exe,/store/lands-of-lore/lands-of-lore-the-throne-of-chaos/standard-edition?,Not Automatable: DOSBox.exe
lego/lego-batman,LEGO® Batman (MAC),base,OFB-EAST:109545708,MAC,/store/lego/lego-batman/standard-edition?,Not automatable: Mac,Automatable
lego/lego-batman-dc-superheroes,LEGO® Batman 2 DC Super Heroes™,base,Origin.OFR.50.0001861,LEGOBatman2.exe,/store/lego/lego-batman-dc-superheroes/standard-edition--pc?,Automatable,Automatable
lego/lego-batman-dc-superheroes,LEGO® Batman 2 DC Super Heroes™ (MAC),base,OFB-EAST:109545218,MAC,/store/lego/lego-batman-dc-superheroes/standard-edition--mac?,Not automatable: Mac,Automatable
lego/lego-harry-potter-years-1-4,LEGO Harry Potter: Years 1-4 (MAC),base,OFB-EAST:109545709,MAC,/store/lego/lego-harry-potter-years-1-4/standard-edition?,Not automatable: Mac,Automatable
lego/lego-harry-potter-years-5-7,LEGO Harry Potter: Years 5-7 (MAC),base,OFB-EAST:109545710,MAC,/store/lego/lego-harry-potter-years-5-7/standard-edition?,Not automatable: Mac,Automatable
lego/lego-star-wars-iii-the-clone-wars,LEGO Star Wars III: The Clone Wars (MAC),base,OFB-EAST:109545712,MAC,/store/lego/lego-star-wars-iii-the-clone-wars/standard-edition?,Not automatable: Mac,Automatable
lego/lego-the-lord-of-the-rings,LEGO® The Lord of the Rings,base,Origin.OFR.50.0001403,LEGOLOTR.exe,/store/lego/lego-the-lord-of-the-rings/standard-edition?,Automatable,Automatable
limbo/limbo,LIMBO,base,Origin.OFR.50.0001943,limbo.exe,/store/limbo/limbo/standard-edition?,Automatable,Automatable
lord-of-the-rings/lord-of-the-rings-war-in-the-north,Lord of the Rings: War in the North,base,OFB-EAST:42382,Setup.exe,/store/lord-of-the-rings/lord-of-the-rings-war-in-the-north/standard-edition?,Not automatable: Steam,Automatable
mad-games-tycoon/mad-games-tycoon,Mad Games Tycoon,base,Origin.OFR.50.0002275,MadGamesTycoon.exe,/store/mad-games-tycoon/mad-games-tycoon/standard-edition?,Automatable,Automatable
magic-carpet/magic-carpet,Magic Carpet™,base,DR:231813100,DOSBox.exe,/store/magic-carpet/magic-carpet/standard-edition?,Automatable,Automatable
mass-effect/mass-effect,Mass Effect™,base,OFB-EAST:55465,MassEffect.exe,/store/mass-effect/mass-effect/standard-edition?,Automatable,Automatable
mass-effect/mass-effect-2,Aegis Pack,dlc,OFB-MASS:20831,ME2Game.exe,/store/mass-effect/mass-effect-2/addon/aegis-pack?,,
mass-effect/mass-effect-2,"Alternate Appearance Pack 1 (Garrus,Thane,Jack)",dlc,OFB-MASS:20834,ME2Game.exe,/store/mass-effect/mass-effect-2/addon/alternate-appearance-pack-1-garrus-thane-jack-?,,
mass-effect/mass-effect-2,"Alternate Appearance Pack 2 (Tali,Grunt,Miranda)",dlc,OFB-MASS:34177,ME2Game.exe,/store/mass-effect/mass-effect-2/addon/alternate-appearance-pack-2-tali-grunt-miranda-?,,
mass-effect/mass-effect-2,Arrival,dlc,OFB-MASS:22814,ME2Game.exe,/store/mass-effect/mass-effect-2/addon/arrival?,,
mass-effect/mass-effect-2,Blood Dragon Armor for Mass Effect 2,dlc,OFB-DRGN:18252,ME2Game.exe,/store/mass-effect/mass-effect-2/addon/blood-dragon-armor-for-mass-effect-2?,,
mass-effect/mass-effect-2,Cerberus Arc Projector,dlc,OFB-MASS:19914,ME2Game.exe,/store/mass-effect/mass-effect-2/addon/cerberus-arc-projector?,,
mass-effect/mass-effect-2,Cerberus Weapon and Armor,dlc,OFB-MASS:19351,ME2Game.exe,/store/mass-effect/mass-effect-2/addon/cerberus-weapon-and-armor?,,
mass-effect/mass-effect-2,Equalizer Pack,dlc,OFB-MASS:21054,ME2Game.exe,/store/mass-effect/mass-effect-2/addon/equalizer-pack?,,
mass-effect/mass-effect-2,Firepower Pack,dlc,OFB-MASS:20917,ME2Game.exe,/store/mass-effect/mass-effect-2/addon/firepower-pack?,,
mass-effect/mass-effect-2,Firewalker Pack,dlc,OFB-MASS:19356,ME2Game.exe,/store/mass-effect/mass-effect-2/addon/firewalker-pack?,,
mass-effect/mass-effect-2,Genesis,dlc,OFB-MASS:34402,ME2Game.exe,/store/mass-effect/mass-effect-2/addon/genesis?,,
mass-effect/mass-effect-2,Kasumi - Stolen Memory,dlc,OFB-MASS:20838,ME2Game.exe,/store/mass-effect/mass-effect-2/addon/kasumi--stolen-memory?,,
mass-effect/mass-effect-2,Lair of the Shadow Broker,dlc,OFB-MASS:21387,ME2Game.exe,/store/mass-effect/mass-effect-2/addon/lair-of-the-shadow-broker?,,
mass-effect/mass-effect-2,Mass Effect™ 2,base,OFB-EAST:56694,ME2Game.exe,/store/mass-effect/mass-effect-2/standard-edition?,Automatable,Automatable
mass-effect/mass-effect-2,Mass Effect™ 2 Digital Deluxe Edition,base_deluxe,Origin.OFR.50.0001377,ME2Game.exe,/store/mass-effect/mass-effect-2/deluxe-edition?,,
mass-effect/mass-effect-2,Normandy Crash Site,dlc,OFB-MASS:19355,ME2Game.exe,/store/mass-effect/mass-effect-2/addon/normandy-crash-site?,,
mass-effect/mass-effect-2,Overlord Pack,dlc,OFB-MASS:20919,ME2Game.exe,/store/mass-effect/mass-effect-2/addon/overlord-pack?,,
mass-effect/mass-effect-2,Recon Hood,dlc,OFB-MASS:19358,ME2Game.exe,,,
mass-effect/mass-effect-2,Sentry Interface,dlc,OFB-MASS:19350,ME2Game.exe,,,
mass-effect/mass-effect-2,Terminus Weapon and Armor,dlc,OFB-MASS:19140,ME2Game.exe,,,
mass-effect/mass-effect-2,Umbra Visor,dlc,OFB-MASS:19182,ME2Game.exe,,,
mass-effect/mass-effect-2,Zaeed - The Price of Revenge,dlc,OFB-MASS:19354,ME2Game.exe,/store/mass-effect/mass-effect-2/addon/zaeed--the-price-of-revenge?,,
mass-effect/mass-effect-2,Cerberus Network,ulc,OFB-MASS:19087,,/store/mass-effect/mass-effect-2/addon/cerberus-network?,,
mass-effect/mass-effect-2,Mass Effect 2 Digital Art Books,digitalbook,OFB-MASS:57404,,/store/mass-effect/mass-effect-2/addon/mass-effect-2-digital-art-books?,,
mass-effect/mass-effect-2,Mass Effect 2 Soundtrack,soundtrack,OFB-MASS:57403,,/store/mass-effect/mass-effect-2/addon/mass-effect-2-soundtrack?,,
mass-effect/mass-effect-3,Alternate Appearance Pack 1,dlc,OFB-MASS:56984,MassEffect3.exe,/store/mass-effect/mass-effect-3/addon/alternate-appearance-pack-1?,,
mass-effect/mass-effect-3,Citadel,dlc,OFB-MASS:57550,MassEffect3.exe,/store/mass-effect/mass-effect-3/addon/citadel?,,
mass-effect/mass-effect-3,Earth,dlc,OFB-MASS:51073,MassEffect3.exe,/store/mass-effect/mass-effect-3/addon/earth?,,
mass-effect/mass-effect-3,Extended Cut,dlc, OFB-MASS:51073,MassEffect3.exe,/store/mass-effect/mass-effect-3/addon/earth?,,
mass-effect/mass-effect-3,Firefight Pack,dlc, OFB-MASS:49032,MassEffect3.exe,/store/mass-effect/mass-effect-3/addon/firefight-pack?,,
mass-effect/mass-effect-3,From Ashes,dlc,OFB-EAST:46112,MassEffect3.exe,/store/mass-effect/mass-effect-3/addon/from-ashes?,,
mass-effect/mass-effect-3,Genesis 2,dlc,OFB-MASS:61524,MassEffect3.exe,/store/mass-effect/mass-effect-3/addon/genesis-2?,,
mass-effect/mass-effect-3,Groundside Resistance Pack,dlc, OFB-MASS:55147,MassEffect3.exe,/store/mass-effect/mass-effect-3/addon/groundside-resistance-pack?,,
mass-effect/mass-effect-3,Leviathan,dlc, OFB-MASS:52001,MassEffect3.exe,/store/mass-effect/mass-effect-3/addon/leviathan?,,
mass-effect/mass-effect-3,Mass Effect™ 3,base,DR:229644400,MassEffect3.exe,/store/mass-effect/mass-effect-3/standard-edition?,Automatable,Not Automatable: API Entitled
mass-effect/mass-effect-3,Mass Effect™ 3 N7 Digital Deluxe Edition,base_deluxe,DR:230773600,MassEffect3.exe,/store/mass-effect/mass-effect-3/digital-deluxe-edition?,Automatable,Not Automatable: API Entitled
mass-effect/mass-effect-3,N7 Collector's Edition Materials,dlc,OFB-MASS:46484,MassEffect3.exe,/store/mass-effect/mass-effect-3/addon/n7-collectors-edition-materials?,,
mass-effect/mass-effect-3,Omega,dlc, OFB-MASS:55146,MassEffect3.exe,/store/mass-effect/mass-effect-3/addon/omega?,,
mass-effect/mass-effect-3,Rebellion,dlc, OFB-MASS:49465,MassEffect3.exe,/store/mass-effect/mass-effect-3/addon/rebellion?,,
mass-effect/mass-effect-3,Reckoning,dlc,OFB-MASS:59712,MassEffect3.exe,/store/mass-effect/mass-effect-3/addon/reckoning?,,
mass-effect/mass-effect-3,Resurgence,dlc,OFB-MASS:47872,MassEffect3.exe,/store/mass-effect/mass-effect-3/addon/resurgence?,,
mass-effect/mass-effect-3,Retaliation,dlc,OFB-MASS:52000,MassEffect3.exe,/store/mass-effect/mass-effect-3/addon/retaliation?,,
mass-effect/mass-effect-3,Mass Effect 3 Digital Books,digitalbook,OFB-MASS:46483,,/store/mass-effect/mass-effect-3/addon/mass-effect-3-digital-books?,,
mass-effect/mass-effect-3,Mass Effect 3 Soundtrack,soundtrack,OFB-MASS:46482,,/store/mass-effect/mass-effect-3/addon/mass-effect-3-soundtrack?,,
mass-effect/mass-effect-andromeda,Mass Effect™: Andromeda,base,Origin.OFR.50.0001536,MassEffectAndromeda.exe,/store/mass-effect/mass-effect-andromeda/standard-edition?,Automatable,Automatable
mass-effect/mass-effect-andromeda,Mass Effect™: Andromeda Deluxe Edition,base,Origin.OFR.50.0001646,MassEffectAndromeda.exe,/store/mass-effect/mass-effect-andromeda/deluxe-edition?,Automatable,Automatable
medal-of-honor/medal-of-honor,Medal of Honor™,base,DR:215617400,moh.exe,/store/medal-of-honor/medal-of-honor/standard-edition?,Not automatable: External Installer,Automatable
medal-of-honor/medal-of-honor-airborne,Medal of Honor Airborne™,base,DR:77034400,MOHA.exe,/store/medal-of-honor/medal-of-honor-airborne/standard-edition?,Not automatable: External Installer,Automatable
medal-of-honor/medal-of-honor-warfighter,Medal of Honor™ Warfighter,base,OFB-EAST:46113,Launcher.exe,/store/medal-of-honor/medal-of-honor-warfighter/standard-edition?,Automatable,Not Automatable: API Entitled
medal-of-honor/medal-of-honor-warfighter,Medal of Honor™ Warfighter Digital Deluxe,base_deluxe,OFB-EAST:50884,Launcher.exe,/store/medal-of-honor/medal-of-honor-warfighter/digital-deluxe-edition?,Automatable,Not Automatable: API Entitled
medal-of-honor/medal-of-honor-warfighter,Digital Game Soundtrack,soundtrack,OFB-EAST:56779,,,,
medal-of-honor/medal-of-honor-warfighter,Medal of Honor™ Warfighter Assaulter Shortcut Pack,ulc,OFB-EAST:55302,,,,
medal-of-honor/medal-of-honor-warfighter,Medal of Honor™ Warfighter Demolitions Shortcut Pack,ulc,OFB-EAST:55310,,,,
medal-of-honor/medal-of-honor-warfighter,Medal of Honor™ Warfighter Global Warfighter Shortcut Pack,ulc,OFB-EAST:55318,,,,
medal-of-honor/medal-of-honor-warfighter,Medal of Honor™ Warfighter Heavy Gunner Shortcut Pack,ulc,OFB-EAST:55316,,,,
medal-of-honor/medal-of-honor-warfighter,Medal of Honor™ Warfighter Point Man Shortcut Pack,ulc,OFB-EAST:55314,,,,
medal-of-honor/medal-of-honor-warfighter,Medal of Honor™ Warfighter Sniper Shortcut Pack,ulc,OFB-EAST:55304,,,,
medal-of-honor/medal-of-honor-warfighter,Medal of Honor™ Warfighter Spec Ops Shortcut Pack,ulc,OFB-EAST:55308,,,,
medal-of-honor/medal-of-honor-warfighter,Medal of Honor™ Warfighter The Hunt Map Pack,dlc,OFB-EAST:56699,,,,
medal-of-honor/medal-of-honor-warfighter,Russian Spetsnaz Alfa Group Heavy Gunner,ulc,,,,,
medal-of-honor/medal-of-honor-warfighter,U.S. Seal Team Sniper/TAC 300,ulc,,,,,
mercenaries/mercenaries-world-in-flames,Mercenaries 2: World in Flames™,base,DR:105730600,Crashes Origin,/store/mercenaries/mercenaries-world-in-flames/standard-edition?,Automatable,Automatable
metal-gear/metal-gear-rising-revengeance,METAL GEAR RISING: REVENGEANCE,base,Origin.OFR.50.0000413,METAL GEAR RISING REVENGEANCE.exe,/store/metal-gear/metal-gear-rising-revengeance/standard-edition?,Automatable,Not Automatable: API Entitled
metro/metro-2033-redux,Metro 2033 Redux,base,Origin.OFR.50.0002350,metro.exe,/store/metro/metro-2033-redux/standard-edition?,Automatable,Automatable
metro/metro-last-light-redux,Metro Last Light Redux,base,Origin.OFR.50.0002351,metro.exe,/store/metro/metro-last-light-redux/standard-edition?,Automatable,Automatable
mini-metro/mini-metro,Mini Metro,base,Origin.OFR.50.0001613,MiniMetro.exe,/store/mini-metro/mini-metro/standard-edition?,Automatable,Automatable
mysims/mysims,MySims™,base,DR:106479500,Pending,/store/mysims/mysims/standard-edition?,Automatable,Automatable
mystery-pi/mystery-p-i-lost-in-los-angeles,Mystery P.I.™ – Lost in Los Angeles,base,OFB-EAST:109552144,MysteryPILosAngeles.exe,/store/mystery-pi/mystery-p-i-lost-in-los-angeles/standard-edition?,Automatable,Automatable
mystery-pi/mystery-p-i-stolen-in-san-francisco,Mystery P.I.™ – Stolen in San Francisco,base,OFB-EAST:109552145,MysteryPISanFrancisco.exe,/store/mystery-pi/mystery-p-i-stolen-in-san-francisco/standard-edition?,Automatable,Automatable
mystery-pi/mystery-p-i-the-curious-case-of-counterfeit-cove,Mystery P.I.™ - The Curious Case of Counterfeit Cove,base,OFB-EAST:109550794,MysteryPINewEngland.exe,/store/mystery-pi/mystery-p-i-the-curious-case-of-counterfeit-cove/standard-edition?,Automatable,Automatable
mystery-pi/mystery-p-i-the-london-caper,Mystery P.I.™ – The London Caper,base,OFB-EAST:109552146,MysteryPILondon.exe,/store/mystery-pi/mystery-p-i-the-london-caper/standard-edition?,Automatable,Automatable
mystery-pi/mystery-p-i-the-lottery-ticket,Mystery P.I.™ - The Lottery Ticket,base,OFB-EAST:109552147,MysteryPI.exe,/store/mystery-pi/mystery-p-i-the-lottery-ticket/standard-edition?,Automatable,Automatable
mystery-pi/mystery-p-i-the-new-york-fortune,Mystery P.I.™ - The New York Fortune,base,OFB-EAST:109552148,MysteryPINewYork.exe,/store/mystery-pi/mystery-p-i-the-new-york-fortune/standard-edition?,Automatable,Automatable
mystery-pi/mystery-p-i-the-vegas-heist,Mystery P.I.™ – The Vegas Heist,base,OFB-EAST:109552149,MysteryPIVegas.exe,/store/mystery-pi/mystery-p-i-the-vegas-heist/standard-edition?,Automatable,Automatable
need-for-speed/need-for-speed,Need for Speed™,base,Origin.OFR.50.0000810,NFS16.exe,/store/need-for-speed/need-for-speed/standard-edition?,Automatable,Automatable
need-for-speed/need-for-speed,Need for Speed™ Deluxe Edition,base,Origin.OFR.50.0001009,NFS16.exe,/store/need-for-speed/need-for-speed/deluxe-edition?,Automatable,Automatable
need-for-speed/need-for-speed-hot-pursuit,Need for Speed™ Hot Pursuit,base,OFB-EAST:109548954,NFS11.exe,/store/need-for-speed/need-for-speed-hot-pursuit/standard-edition?,Automatable,Not Automatable: API Entitled
need-for-speed/need-for-speed-most-wanted,Need for Speed™ Most Wanted,base,OFB-EAST:46851,NFS13.exe,/store/need-for-speed/need-for-speed-most-wanted/standard-edition?,Automatable,Not Automatable: API Entitled
need-for-speed/need-for-speed-rival,Need for Speed™ Rivals,base,OFB-EAST:56522,NFS14.exe,,Automatable,Automatable
need-for-speed/need-for-speed-rival,Need for Speed™ Rivals: Complete Edition,base_complete,Origin.OFR.50.0000676,NFS14.exe,/store/need-for-speed/need-for-speed-rivals/standard-edition?,Automatable,Automatable
need-for-speed/need-for-speed-rival,Digital Revolution Livery BMW M3 GTS,ulc,,,,,
need-for-speed/need-for-speed-rival,Need for Speed™ Rivals Classic Muscle Livery for the Dodge Challenger SRT8,ulc,,,,,
need-for-speed/need-for-speed-rival,Need for Speed™ Rivals Complete Movie Pack,ulc,Origin.OFR.50.0000418,,,,
need-for-speed/need-for-speed-rival,Need for Speed™ Rivals Concept Lamborghini Complete Pack,ulc,Origin.OFR.50.0000415,,,,
need-for-speed/need-for-speed-rival,Need for Speed™ Rivals Ferrari Edizioni Speciali Complete Pack,ulc,Origin.OFR.50.0000414,,,,
need-for-speed/need-for-speed-rival,Need for Speed™ Rivals Koenigsegg One:1,ulc,Origin.OFR.50.0000437,,,,
need-for-speed/need-for-speed-rival,Need for Speed™ Rivals Loaded Garage Pack,ulc,Origin.OFR.50.0000368,,,,
need-for-speed/need-for-speed-rival,Need for Speed™ Rivals Simply Jaguar Complete Pack,ulc,Origin.OFR.50.0000417,,,,
need-for-speed/need-for-speed-rival,Need for Speed™ Rivals Timesaver Pack,ulc,OFB-EAST:109551865,,,,
need-for-speed/need-for-speed-rival,Need for Speed™ Rivals Track Day Livery for Porsche 911 GT3,ulc,,,,,
need-for-speed/need-for-speed-rival,Need for Speed™ Rivals Ultimate Racer Pack,ulc,,,,,
need-for-speed/need-for-speed-rival,Need for Speed™ Rivals VIP Matte Livery for Aston Martin Vanquish,ulc,,,,,
need-for-speed/need-for-speed-shift,Need for Speed™ SHIFT,base,OFB-EAST:60946,Pending,/store/need-for-speed/need-for-speed-shift/standard-edition?,Automatable,Automatable
need-for-speed/need-for-speed-the-run,Need for Speed™ The Run,base,DR:231088400,Need For Speed The Run.exe,/store/need-for-speed/need-for-speed-the-run/standard-edition?,Automatable,Not Automatable: API Entitled
need-for-speed/need-for-speed-undercover,Need for Speed™ Undercover,base,DR:105868200,CD Key,/store/need-for-speed/need-for-speed-undercover/standard-edition?,Automatable,Automatable
need-for-speed/shift-2-unleashed,SHIFT 2 UNLEASHED™,base,OFB-EAST:60957,Pending,/store/need-for-speed/shift-2-unleashed/standard-edition?,Automatable,Automatable
nox/nox,Nox™,base,DR:235663500,NOX.exe,/store/nox/nox/standard-edition?,Automatable,Not Automatable: API Entitled
omerta/omerta-city-of-gangsters,Omerta: City of Gangsters,base,OFB-EAST:109547401,Setup.exe,/store/omerta/omerta-city-of-gangsters/standard-edition?,Not automatable: Steam,Automatable
orwell/orwell,Orwell,base,Origin.OFR.50.0002039,Orwell.exe,/store/orwell/orwell/standard-edition?,Automatable,Automatable
orwell/orwell,Orwell Deluxe Edition,base,Origin.OFR.50.0002040,Orwell.exe,/store/orwell/orwell/deluxe-edition?,Automatable,Automatable
oxenfree/oxenfree,Oxenfree,base,Origin.OFR.50.0002183,Oxenfree.exe,/store/oxenfree/oxenfree/standard-edition?,Automatable,Automatable
peggle/peggle,Peggle®,base,Origin.OFR.50.0000461,Peggle.exe,/store/peggle/peggle/standard-edition?,Automatable,Automatable
peggle/peggle-nights,Peggle® Nights,base,OFB-EAST:58738,PeggleNights.exe,/store/peggle/peggle-nights/standard-edition?,Automatable,Automatable
pillars-of-eternity/pillars-of-eternity,Gaun's Pledge,dlc,Origin.OFR.50.0000896,PillarsOfEternity.exe,/store/pillars-of-eternity/pillars-of-eternity/addon/gauns-pledge?,,
pillars-of-eternity/pillars-of-eternity,Giant Miniature Space Piglet,dlc,Origin.OFR.50.0000899,PillarsOfEternity.exe,/store/pillars-of-eternity/pillars-of-eternity/addon/giant-miniature-space-piglet?,,
pillars-of-eternity/pillars-of-eternity,PILLARS OF ETERNITY: CHAMPION EDITION,base_champion,Origin.OFR.50.0000922,PillarsOfEternity.exe,/store/pillars-of-eternity/pillars-of-eternity/champion-edition?,Automatable,Automatable
pillars-of-eternity/pillars-of-eternity,PILLARS OF ETERNITY: HERO EDITION,base,Origin.OFR.50.0000924,PillarsOfEternity.exe,/store/pillars-of-eternity/pillars-of-eternity/hero-edition?,Automatable,Automatable
pillars-of-eternity/pillars-of-eternity,PILLARS OF ETERNITY: ROYAL EDITION,base_royal,Origin.OFR.50.0000923,PillarsOfEternity.exe,/store/pillars-of-eternity/pillars-of-eternity/royal-edition?,Automatable,Automatable
pillars-of-eternity/pillars-of-eternity,Pillars of Eternity: The White March - Part I,dlc,Origin.OFR.50.0001116,PillarsOfEternity.exe,/store/pillars-of-eternity/pillars-of-eternity/addon/pillars-of-eternity-the-white-march--part-i?,,
pillars-of-eternity/pillars-of-eternity,Pillars of Eternity: The White March - Part II,dlc,Origin.OFR.50.0001117,PillarsOfEternity.exe,/store/pillars-of-eternity/pillars-of-eternity/addon/pillars-of-eternity-the-white-march--part-ii?,,
pillars-of-eternity/pillars-of-eternity,Collectors Book & Cookbook PDF,digitalbook,,,,,
pillars-of-eternity/pillars-of-eternity,Digital Campaign Almanac,digitalbook,,,,,
pillars-of-eternity/pillars-of-eternity,Digital Hi-res Game Map,images,,,,,
pillars-of-eternity/pillars-of-eternity,Digital Novella by Chris Avellone,digitalbook,,,,,
pillars-of-eternity/pillars-of-eternity,Digital Original Soundtrack,soundtrack,,,,,
pillars-of-eternity/pillars-of-eternity,Digital Strategy Guide,digitalbook,,,,,
pillars-of-eternity/pillars-of-eternity,Hi-res Concept Art Pieces,images,,,,,
pillars-of-eternity/pillars-of-eternity,Making of Documentary,videos,,,,,
pillars-of-eternity/pillars-of-eternity,Pillars of Eternity: Expansion Pass,ulc,Origin.OFR.50.0001115,,/store/pillars-of-eternity/pillars-of-eternity/addon/pillars-of-eternity-expansion-pass?,,
pillars-of-eternity/pillars-of-eternity,Ringtones,music,,,,,
pillars-of-eternity/pillars-of-eternity,Wallpapers,images,,,,,
planetary-annihilation/planetary-annihilation,Planetary Annihilation,base,Origin.OFR.50.0000337,PlantsVsZombies.exe,/store/planetary-annihilation/planetary-annihilation/standard-edition?,Automatable,Not Automatable: External Authenticator
plants-vs-zombies/plants-vs-zombies,Plants vs. Zombies™ Game of the Year Edition,base,OFB-EAST:48217,PVZ.Main_Win64_Retail.exe,/store/plants-vs-zombies/plants-vs-zombies/standard-edition?,Automatable,Not Automatable: API Entitled
plants-vs-zombies/plants-vs-zombies-garden-warfare,Plants vs. Zombies™ Garden Warfare,base,OFB-EAST:109550787,PVZ.Main_Win64_Retail.exe,/store/plants-vs-zombies/plants-vs-zombies-garden-warfare/standard-edition?,Automatable,Automatable
plants-vs-zombies/plants-vs-zombies-garden-warfare,Plants vs. Zombies™ Garden Warfare Digital Deluxe,base,OFB-EAST:109551084,PVZ.Main_Win64_Retail.exe,/store/plants-vs-zombies/plants-vs-zombies-garden-warfare/digital-deluxe-edition?,Automatable,Automatable
plants-vs-zombies/plants-vs-zombies-garden-warfare-2,Plants vs. Zombies™ Garden Warfare 2: Deluxe Edition,base,Origin.OFR.50.0001051,GW2.Main_Win64_Retail.exe,/store/plants-vs-zombies/plants-vs-zombies-garden-warfare-2/deluxe-edition?,Automatable,Automatable
plants-vs-zombies/plants-vs-zombies-garden-warfare-2,Plants vs. Zombies™ Garden Warfare 2: Standard Edition,base,Origin.OFR.50.0000786,GW2.Main_Win64_Retail.exe,/store/plants-vs-zombies/plants-vs-zombies-garden-warfare-2/standard-edition?,Automatable,Automatable
pony-island/pony-island,Pony Island,base,Origin.OFR.50.0001992,PonyIsland.exe,/store/pony-island/pony-island/standard-edition?,Automatable,Automatable
populous/populous,Populous™,base,Origin.OFR.50.0000497,DOSBox.exe,/store/populous/populous/standard-edition?,Automatable,Not Automatable: DOSBox.exe
populous/populous-ii-trials-of-the-olympian-gods,Populous™ II: Trials of the Olympian Gods,base,OFB-EAST:39134,DOSBox.exe,/store/populous/populous-ii-trials-of-the-olympian-gods/standard-edition?,Automatable,Not Automatable: DOSBox.exe
populous/populous-the-beginning,Populous™: The Beginning,base,OFB-EAST:39136,D3DPopTB.exe,/store/populous/populous-the-beginning/standard-edition?,Not automatable: External Installer,Automatable
rail-simulator/rail-simulator,Rail Simulator®,base,DR:81893300,External Installer,/store/rail-simulator/rail-simulator/standard-edition?,Not automatable: External Installer,Automatable
rayman/rayman-legends,Rayman® Legends,base,Origin.OFR.50.0000596,upc.exe,/store/rayman/rayman-legends/standard-edition?,Not automatable: Uplay,Automatable
rayman/rayman-origins,Rayman® Origins,base,OFB-EAST:109549485,upc.exe,/store/rayman/rayman-origins/standard-edition?,Not automatable: Uplay,Automatable
rebel-galaxy/rebel-galaxy,Rebel Galaxy,base,Origin.OFR.50.0002166,Launcher.exe,/store/rebel-galaxy/rebel-galaxy/standard-edition?,Automatable,Automatable
remember-me/remember-me,Remember Me™,base,OFB-EAST:109550394,Setup.exe,/store/remember-me/remember-me/standard-edition?,Not automatable: Steam,Automatable
resident-evil/resident-evil-6,Resident Evil 6,base,OFB-EAST:109548699,Setup.exe,/store/resident-evil/resident-evil-6/standard-edition?,Not automatable: Steam,Automatable
resident-evil/resident-evil-operation-raccoon-city,Resident Evil™: Operation Raccoon City,base,OFB-EAST:49026,Setup.exe,/store/resident-evil/resident-evil-operation-raccoon-city/standard-edition?,Not automatable: Steam,Automatable
resident-evil/resident-evil-revelations,Resident Evil™ Revelations,base,OFB-EAST:109549854,Setup.exe,/store/resident-evil/resident-evil-revelations/standard-edition?,Not automatable: Steam,Automatable
rime/rime,RiME,base,Origin.OFR.50.0002137,RiME.exe,/store/rime/rime/standard-edition?,Automatable,Automatable
risen/risen-dark-waters,Risen 2: Dark Waters,base,OFB-EAST:49757,Setup.exe,/store/risen/risen-dark-waters/standard-edition?,Not automatable: Steam,Automatable
rollercoaster-tycoon/rollercoaster-tycoon-3,RollerCoaster Tycoon 3 Platinum,base,OFB-EAST:57293,External Installer,/store/rollercoaster-tycoon/rollercoaster-tycoon-3/standard-edition?,Not automatable: External Installer,Automatable
saboteur/the-saboteur,The Saboteur™,base,Origin.OFR.50.0001948,Saboteur.exe,/store/saboteur/the-saboteur/standard-edition?,Automatable,Automatable
saints-row/saints-row-the-third,Saints Row the Third: The Full Package,base,OFB-EAST:57157,Setup.exe,/store/saints-row/saints-row-the-third/third-package-edition?,Not automatable: Steam,Automatable
saints-row/saints-row-the-third,Saints Row: The Third,base,OFB-EAST:40869,Setup.exe,/store/saints-row/saints-row-the-third/standard-edition?,Not automatable: Steam,Automatable
shadwen/shadwen,Shadwen,base,Origin.OFR.50.0001467,shadwen_launcher.exe,/store/shadwen/shadwen/standard-edition?,Automatable,Automatable
simcity/simcity,SimCity™,base,Origin.OFR.50.0000028,SimCity.exe,/store/simcity/simcity/standard-edition?,Automatable,Automatable
simcity/simcity-2000,SimCity 2000™ Special Edition,base,DR:235664600,DOSBox.exe,/store/simcity/simcity-2000/special-edition?,Automatable,Automatable
simcity/simcity-4,SimCity™ 4 Deluxe Edition,base,OFB-EAST:109547339,SimCity 4.exe,/store/simcity/simcity-4/deluxe-edition?,Automatable,Automatable
simcity/simcity-societies,SimCity™ Societies,base,OFB-EAST:60900,Pending,/store/simcity/simcity-societies/standard-edition?,Automatable,Automatable
sniper-elite/sniper-elite-v2,Sniper Elite V2,base,OFB-EAST:50652,Setup.exe,/store/sniper-elite/sniper-elite-v2/standard-edition?,Not automatable: Steam,Automatable
spore/spore,SPORE™,base,DR:91619200,SporeApp.exe,/store/spore/spore/standard-edition?,Automatable,Automatable
spore/spore-creature-creator,SPORE™ Creature Creator (PC Download),base,DR:96890600,Pending,/store/spore/spore-creature-creator/standard-edition?,Automatable,Automatable
starflight/starflight,Starflight™ 1,base,OFB-EAST:48216,DOSBox.exe,/store/starflight/starflight/standard-edition?,Automatable,Automatable
starflight/starflight-2,Starflight™ 2,base,OFB-EAST:50648,DOSBox.exe,/store/starflight/starflight-2/standard-edition?,Automatable,Automatable
star-wars/star-wars-battlefront,STAR WARS™ Battlefront™ Ultimate Edition,base,Origin.OFR.50.0001211,starwarsbattlefront.exe,/store/star-wars/star-wars-battlefront/ultimate-edition?,Automatable,Automatable
star-wars/star-wars-the-old-republic,Star Wars™: The Old Republic™ Digital Starter Pack,base,DR:231240400,Pending,/store/star-wars/star-wars-the-old-republic/standard-edition?,Automatable,Automatable
street-fighter/street-fighter-x-tekken,Street Fighter® X Tekken®,base,OFB-EAST:49028,,/store/street-fighter/street-fighter-x-tekken/standard-edition?,Not automatable: External Installer,Automatable
street-fighter/super-street-fighter-iv,Super Street Fighter® IV Arcade Edition,base,OFB-EAST:40871,,/store/street-fighter/super-street-fighter-iv/arcade-edition?,Not automatable: External Installer,Automatable
stronghold/stronghold-3,Stronghold 3 Gold,base,OFB-EAST:54723,Setup.exe,/store/stronghold/stronghold-3/standard-edition?,Not automatable: Steam,Automatable
sundered/sundered,Sundered,base,Origin.OFR.50.0002349,Sundered.exe,/store/sundered/sundered/standard-edition?,Automatable,Automatable
sundered/sundered,Sundered Deluxe Edition,base,Origin.OFR.50.0002352,Sundered.exe,/store/sundered/sundered/deluxe-edition?,Automatable,Automatable
syberia/syberia-2,Syberia II,base,Origin.OFR.50.0001959,Syberia2.exe,/store/syberia/syberia-2/standard-edition?,Automatable,Automatable
syberia/syberia-3,Syberia 3,base,Origin.OFR.50.0001967,Syberia3.exe,/store/syberia/syberia-3/standard-edition?,Automatable,Automatable
syberia/syberia-3,Syberia 3 Deluxe Edition,base,Origin.OFR.50.0001968,Syberia3.exe,/store/syberia/syberia-3/deluxe-edition?,Automatable,Automatable
syndicate/syndicate,Syndicate™,base,OFB-EAST:60978,Pending,/store/syndicate/syndicate/standard-edition?,Automatable,Automatable
syndicate/syndicate-1993,Syndicate™ (1993),base,OFB-EAST:60531,DOSBox.exe,/store/syndicate/syndicate-1993/standard-edition?,Automatable,Not Automatable: DOSBox.exe
tales-from-the-dragon-mountain/tales-from-the-dragon-mountain-the-lair,Tales from the Dragon Mountain 2: The Lair,base,Origin.OFR.50.0000471,Lair.exe,/store/tales-from-the-dragon-mountain/tales-from-the-dragon-mountain-the-lair/standard-edition?,Automatable,Automatable
theme/theme-hospital,Theme Hospital™,base,Origin.OFR.50.0000500,DOSBox.exe,/store/theme/theme-hospital/standard-edition?,Automatable,Not Automatable: API Entitled
the-sims/the-sims-3,The Sims™ 3,base,OFB-EAST:55107,Sims3Launcher.exe,/store/the-sims/the-sims-3/standard-edition?,Automatable,Not Automatable: API Entitled
the-sims/the-sims-3,"The Sims™ 3 70s, 80s, & 90s Stuff",dlc,OFB-EAST:60962,Sims3Launcher.exe,/store/the-sims/the-sims-3/addon/the-sims-3-70s-80s-90s-stuff?,,
the-sims/the-sims-3,The Sims™ 3 Ambitions,dlc,Origin.OFR.50.0001226,Sims3Launcher.exe,/store/the-sims/the-sims-3/expansion/the-sims-3-ambitions?,,
the-sims/the-sims-3,The Sims™ 3 Diesel Stuff,dlc,OFB-EAST:43769,Sims3Launcher.exe,/store/the-sims/the-sims-3/addon/the-sims-3-diesel-stuff?,,
the-sims/the-sims-3,The Sims™ 3 Fast Lane Stuff,dlc,DR:191313700,Sims3Launcher.exe,/store/the-sims/the-sims-3/addon/the-sims-3-fast-lane-stuff?,,
the-sims/the-sims-3,The Sims™ 3 Generations,dlc,Origin.OFR.50.0001228,Sims3Launcher.exe,/store/the-sims/the-sims-3/expansion/the-sims-3-generations?,,
the-sims/the-sims-3,The Sims™ 3 High-End Loft Stuff,dlc,DR:156751300,Sims3Launcher.exe,,,
the-sims/the-sims-3,The Sims™ 3 Into the Future,dlc,Origin.OFR.50.0000167,Sims3Launcher.exe,/store/the-sims/the-sims-3/expansion/the-sims-3-into-the-future?,,
the-sims/the-sims-3,The Sims™ 3 Island Paradise,dlc,Origin.OFR.50.0000058,Sims3Launcher.exe,/store/the-sims/the-sims-3/expansion/the-sims-3-island-paradise?,,
the-sims/the-sims-3,The Sims™ 3 Late Night Expansion Pack,dlc,DR:194011300,Sims3Launcher.exe,/store/the-sims/the-sims-3/expansion/the-sims-3-late-night-expansion-pack?,,
the-sims/the-sims-3,The Sims™ 3 Master Suite Stuff,dlc,DR:231553700,Sims3Launcher.exe,/store/the-sims/the-sims-3/addon/the-sims-3-master-suite-stuff?,,
the-sims/the-sims-3,The Sims™ 3 Movie Stuff,dlc,Origin.OFR.50.0000124,Sims3Launcher.exe,/store/the-sims/the-sims-3/addon/the-sims-3-movie-stuff?,,
the-sims/the-sims-3,The Sims™ 3 Outdoor Living Stuff,dlc,DR:215625800,Sims3Launcher.exe,/store/the-sims/the-sims-3/addon/the-sims-3-outdoor-living-stuff?,,
the-sims/the-sims-3,The Sims™ 3 Pets,dlc,OFB-EAST:60968,Sims3Launcher.exe,/store/the-sims/the-sims-3/expansion/the-sims-3-pets?,,
the-sims/the-sims-3,The Sims™ 3 Seasons,dlc,OFB-EAST:60964,Sims3Launcher.exe,/store/the-sims/the-sims-3/expansion/the-sims-3-seasons?,,
the-sims/the-sims-3,The Sims™ 3 Showtime,dlc,OFB-EAST:60970,Sims3Launcher.exe,/store/the-sims/the-sims-3/expansion/the-sims-3-showtime?,,
the-sims/the-sims-3,The Sims™ 3 Starter Pack,base,OFB-EAST:64312,Sims3Launcher.exe,/store/the-sims/the-sims-3/standard-edition?,Automatable,Automatable
the-sims/the-sims-3,The Sims™ 3 Supernatural,dlc,OFB-EAST:60984,Sims3Launcher.exe,/store/the-sims/the-sims-3/expansion/the-sims-3-supernatural?,,
the-sims/the-sims-3,The Sims™ 3 Town Life Stuff,dlc,DR:215625800,Sims3Launcher.exe,/store/the-sims/the-sims-3/addon/the-sims-3-town-life-stuff?,,
the-sims/the-sims-3,The Sims™ 3 University Life,dlc,Origin.OFR.50.0000013,Sims3Launcher.exe,/store/the-sims/the-sims-3/expansion/the-sims-3-university-life?,,
the-sims/the-sims-3,The Sims™ 3 World Adventures Expansion Pack,dlc,OFB-EAST:109545106,Sims3Launcher.exe,/store/the-sims/the-sims-3/expansion/the-sims-3-world-adventures-expansion-pack?,,
the-sims/the-sims-4,Holiday Celebration Pack,dlc,SIMS4.OFF.SOLP.0x000000000001266C,TS4_x64.exe,,,
the-sims/the-sims-4,The Sims™ 4,base,OFB-EAST:109552299,TS4_x64.exe,/store/the-sims/the-sims-4/standard-edition,Automatable,Automatable
the-sims/the-sims-4,The Sims™ 4 Backyard Stuff,dlc,SIMS4.OFF.SOLP.0x0000000000020176,TS4_x64.exe,/store/the-sims/the-sims-4/addon/the-sims-4-backyard-stuff?,,
the-sims/the-sims-4,The Sims™ 4 City Living,dlc,SIMS4.OFF.SOLP.0x000000000001D5ED,TS4_x64.exe,/store/the-sims/the-sims-4/expansion/the-sims-4-city-living?,,
the-sims/the-sims-4,The Sims™ 4 Cool Kitchen Stuff,dlc,SIMS4.OFF.SOLP.0x0000000000018B66,TS4_x64.exe,/store/the-sims/the-sims-4/addon/the-sims-4-cool-kitchen-stuff?,,
the-sims/the-sims-4,The Sims™ 4 Digital Deluxe,base_deluxe,OFB-EAST:109552414,TS4_x64.exe,/store/the-sims/the-sims-4/digital-deluxe-edition,Automatable,Automatable
the-sims/the-sims-4,The Sims™ 4 Dine Out,dlc,SIMS4.OFF.SOLP.0x000000000001C03A,TS4_x64.exe,/store/the-sims/the-sims-4/addon/the-sims-4-dine-out?,,
the-sims/the-sims-4,The Sims™ 4 Get to Work,dlc,SIMS4.OFF.SOLP.0x0000000000011AC5,TS4_x64.exe,/store/the-sims/the-sims-4/expansion/the-sims-4-get-to-work?,,
the-sims/the-sims-4,The Sims™ 4 Get Together,dlc,SIMS4.OFF.SOLP.0x00000000000170FF,TS4_x64.exe,/store/the-sims/the-sims-4/expansion/the-sims-4-get-together?,,
the-sims/the-sims-4,The Sims™ 4 Kids Room Stuff,dlc,SIMS4.OFF.SOLP.0x000000000001D5F2,TS4_x64.exe,/store/the-sims/the-sims-4/addon/the-sims-4-kids-room-stuff?,,
the-sims/the-sims-4,The Sims™ 4 Luxury Party Stuff,dlc,SIMS4.OFF.SOLP.0x0000000000016390,TS4_x64.exe,/store/the-sims/the-sims-4/addon/the-sims-4-luxury-party-stuff?,,
the-sims/the-sims-4,The Sims™ 4 Movie Hangout Stuff,dlc,SIMS4.OFF.SOLP.0x000000000001A9A7,TS4_x64.exe,/store/the-sims/the-sims-4/addon/the-sims-4-movie-hangout-stuff?,,
the-sims/the-sims-4,The Sims™ 4 Outdoor Retreat,dlc,SIMS4.OFF.SOLP.0x0000000000011A4B,TS4_x64.exe,/store/the-sims/the-sims-4/addon/the-sims-4-outdoor-retreat?,,
the-sims/the-sims-4,The Sims™ 4 Perfect Patio Stuff,dlc,SIMS4.OFF.SOLP.0x0000000000016B37,TS4_x64.exe,/store/the-sims/the-sims-4/addon/the-sims-4-perfect-patio-stuff?,,
the-sims/the-sims-4,The Sims™ 4 Romantic Garden Stuff,dlc,SIMS4.OFF.SOLP.0x000000000001C04E,TS4_x64.exe,/store/the-sims/the-sims-4/addon/the-sims-4-romantic-garden-stuff?,,
the-sims/the-sims-4,The Sims™ 4 Spa Day,dlc,SIMS4.OFF.SOLP.0x0000000000016C2A,TS4_x64.exe,/store/the-sims/the-sims-4/addon/the-sims-4-spa-day?,,
the-sims/the-sims-4,The Sims™ 4 Spooky Stuff,dlc,SIMS4.OFF.SOLP.0x0000000000019B59,TS4_x64.exe,/store/the-sims/the-sims-4/addon/the-sims-4-spooky-stuff?,,
the-sims/the-sims-4,The Sims™ 4 Vampires,dlc,SIMS4.OFF.SOLP.0x000000000002376D,TS4_x64.exe,,,
the-sims/the-sims-4,The Sims™ 4 Vintage Glamour Stuff,dlc,SIMS4.OFF.SOLP.0x0000000000022C32,TS4_x64.exe,/store/the-sims/the-sims-4/addon/the-sims-4-vintage-glamour-stuff?,,
the-sims/the-sims-4,Awesome Animal Hats Digital Content,ulc,OFB-EAST:109552678,,,,
the-sims/the-sims-4,Life of the Party Digital Content,ulc,OFB-EAST:109552679,,,,
the-sims/the-sims-4,The Sims™ 4 Digital Soundtrack,soundtrack,OFB-EAST:109552677,,,,
the-sims/the-sims-4,Up All Night Digital Content,ulc,OFB-EAST:109552680,,,,
the-surge/the-surge,The Surge,base,Origin.OFR.50.0002190,TheSurge.exe,/store/the-surge/the-surge/standard-edition?,Automatable,Automatable
this-war-of-mine/this-war-of-mine,This War of Mine™,base,Origin.OFR.50.0001235,This War of Mine.exe,,Automatable,Automatable
this-war-of-mine/this-war-of-mine,This War of Mine™ - War Child Charity DLC Rank 1,ulc,Origin.OFR.50.0001258,,,,
this-war-of-mine/this-war-of-mine,This War of Mine™ - War Child Charity DLC Rank 2,ulc,Origin.OFR.50.0001268,,,,
this-war-of-mine/this-war-of-mine,This War of Mine™ - War Child Charity DLC Rank 3,ulc,Origin.OFR.50.0001269,,,,
this-war-of-mine/this-war-of-mine,This War of Mine™ Soundtrack,soundtrack,Origin.OFR.50.0001240,,/store/this-war-of-mine/this-war-of-mine/addon/this-war-of-mine-soundtrack?,,
this-war-of-mine/this-war-of-mine,This War of Mine™: The Little Ones DLC,ulc,Origin.OFR.50.0001587,,,,
titanfall/titanfall,Titanfall™ Deluxe Edition,base,Origin.OFR.50.0000739,Titanfall.exe,/store/titanfall/titanfall/deluxe-edition?,Not Automatable: Installing phase takes too long,Automatable
titanfall/titanfall-2,Titanfall™ 2,base,Origin.OFR.50.0001452,Titanfall2.exe,/store/titanfall/titanfall-2/standard-edition?,Automatable,Automatable
titan-quest/titan-quest,Titan Quest Anniversary Edition,base,Origin.OFR.50.0001829,unknown,/store/titan-quest/titan-quest/anniversary-edition?,Automatable,Automatable
toca-touring-car/grid-2,GRID 2™,base,OFB-EAST:109549424,Setup.exe,/store/toca-touring-car/grid-2/standard-edition?,Not automatable: Steam,Automatable
tomb-raider/tomb-raider,Tomb Raider,base,OFB-EAST:109548313,Setup.exe,/store/tomb-raider/tomb-raider/standard-edition?,Not automatable: Steam,Automatable
tomb-raider/tomb-raider,Tomb Raider Survival Edition,base,OFB-EAST:109548315,Setup.exe,/store/tomb-raider/tomb-raider/survival-edition?,Not automatable: Steam,Automatable
tomb-raider/tomb-raider-the-angel-of-darkness,Tomb Raider: The Angel of Darkness,base,Origin.OFR.50.0000696,Launcher.exe,/store/tomb-raider/tomb-raider-the-angel-of-darkness/standard-edition?,Automatable,Automatable
tom-clancy/tom-clancys-the-division,Tom Clancy’s The Division™,base,Origin.OFR.50.0001318,Pending,/store/tom-clancy/tom-clancys-the-division/standard-edition?,Not automatable: Uplay,Automatable
tom-clancy/tom-clancys-the-division,Tom Clancy’s The Division™ Gold Edition,base,Origin.OFR.50.0001316,Pending,/store/tom-clancy/tom-clancys-the-division/gold-edition?,Not automatable: Uplay,Automatable
torchlight/torchlight-ii,Torchlight II™,base,Origin.OFR.50.0001241,ModLauncher.exe,/store/torchlight/torchlight-ii/standard-edition?,Automatable,Automatable
torment/torment-tides-of-numenera,Torment: Tides of Numenera,base,Origin.OFR.50.0002239,TidesOfNumenera.exe,/store/torment/torment-tides-of-numenera/standard-edition?,Automatable,Automatable
torment/torment-tides-of-numenera,Torment: Tides of Numenera Immortal Edition,base,Origin.OFR.50.0002241,TidesOfNumenera.exe,/store/torment/torment-tides-of-numenera/immortal-edition?,Automatable,Automatable
torment/torment-tides-of-numenera,Torment: Tides of Numenera Legacy Edition,base,Origin.OFR.50.0002240,TidesOfNumenera.exe,/store/torment/torment-tides-of-numenera/legacy-edition?,Automatable,Automatable
total-war/rome-total-war,Rome: Total War™ Gold Edition (MAC),base,OFB-EAST:109545714,MAC,/store/total-war/rome-total-war/gold-edition?,Not automatable: Mac,Automatable
trials/trials-evolution,Trials Evolution: Gold Edition,base,OFB-EAST:109549261,External Installer,/store/trials/trials-evolution/gold-edition?,Not automatable: External Installer,Automatable
trine/trine,Trine™ Enchanted Edition,base,Origin.OFR.50.0001309,trine_launcher.exe,/store/trine/trine/standard-edition?,Automatable,Automatable
trine/trine-2,Trine 2™: Complete Story,base,Origin.OFR.50.0001310,trine2_launcher.exe,/store/trine/trine-2/standard-edition?,Automatable,Automatable
trine/trine-3,Trine 3: The Artifacts of Power,base,Origin.OFR.50.0001311,trine3_launcher.exe,/store/trine/trine-3/standard-edition?,Automatable,Automatable
tropico/tropico-3,Tropico 3: Gold Edition (MAC),base,OFB-EAST:109545717,MAC,/store/tropico/tropico-3/gold-edition?,Not automatable: Mac,Automatable
tyranny/tyranny,Tyranny™ Archon Edition,base,Origin.OFR.50.0001825,Tyranny64.exe,/store/tyranny/tyranny/archon-edition?,Automatable,Automatable
tyranny/tyranny,Tyranny™ Commander Edition,base,Origin.OFR.50.0001822,Tyranny64.exe,/store/tyranny/tyranny/commander-edition?,Automatable,Automatable
tyranny/tyranny,Tyranny™ Overlord Edition,base,Origin.OFR.50.0001826,Tyranny64.exe,/store/tyranny/tyranny/overlord-edition?,Automatable,Automatable
ultima/ultima-iii-exodus,Ultima III: Exodus,base,OFB-EAST:39465,DOSBox.exe,/store/ultima/ultima-iii-exodus/standard-edition?,Automatable,Not Automatable: DOSBox.exe
ultima/ultima-ii-the-revenge-of-the-enchantress,Ultima II: The Revenge of the Enchantress,base,OFB-EAST:39464,DOSBox.exe,/store/ultima/ultima-ii-the-revenge-of-the-enchantress/standard-edition?,Automatable,Not Automatable: DOSBox.exe
ultima/ultima-i-the-first-age-of-darkness,Ultima I: The First Age of Darkness,base,OFB-EAST:39130,DOSBox.exe,/store/ultima/ultima-i-the-first-age-of-darkness/standard-edition?,Automatable,Not Automatable: DOSBox.exe
ultima/ultima-iv-quest-of-the-avatar,Ultima IV: Quest of the Avatar,base,OFB-EAST:39466,DOSBox.exe,/store/ultima/ultima-iv-quest-of-the-avatar/standard-edition?,Automatable,Not Automatable: DOSBox.exe
ultima/ultima-ix-ascension,Ultima™ IX: Ascension,base,OFB-EAST:39469,DOSBox.exe,/store/ultima/ultima-ix-ascension/standard-edition?,Automatable,Not Automatable: DOSBox.exe
ultima/ultima-underworld-ii-labyrinth-of-worlds,Ultima™ Underworld 2,base,DR:235665000,DOSBox.exe,/store/ultima/ultima-underworld-ii-labyrinth-of-worlds/standard-edition?,Automatable,Not Automatable: DOSBox.exe
ultima/ultima-underworld-the-stygian-abyss,Ultima™ Underworld 1,base,DR:235664900,DOSBox.exe,/store/ultima/ultima-underworld-the-stygian-abyss/standard-edition?,Automatable,Not Automatable: DOSBox.exe
ultima/ultima-vii,Ultima™ VII: The Complete Edition,base,OFB-EAST:39470,DOSBox.exe,/store/ultima/ultima-vii/complete-edition?,Automatable,Not Automatable: DOSBox.exe
ultima/ultima-viii-pagan,Ultima™ VIII Gold Edition,base,OFB-EAST:39471,DOSBox.exe,/store/ultima/ultima-viii-pagan/gold-edition?,Automatable,Not Automatable: DOSBox.exe
ultima/ultima-vi-the-false-prophet,Ultima VI: The False Prophet,base,OFB-EAST:39468,DOSBox.exe,/store/ultima/ultima-vi-the-false-prophet/standard-edition?,Automatable,Not Automatable: DOSBox.exe
ultima/ultima-v-warriors-of-destiny,Ultima V: Warriors of Destiny,base,OFB-EAST:39467,DOSBox.exe,/store/ultima/ultima-v-warriors-of-destiny/standard-edition?,Automatable,Automatable
unravel/unravel,Unravel™,base,Origin.OFR.50.0000823,Unravel.exe,/store/unravel/unravel/standard-edition?,Automatable,Automatable
vacation-quest/vacation-quest-australia,Vacation Quest™ - Australia,base,OFB-EAST:109550789,VacationQuestAustralia.exe,/store/vacation-quest/vacation-quest-australia/standard-edition?,Automatable,Automatable
vacation-quest/vacation-quest-the-hawaiian-islands,Vacation Quest™ - The Hawaiian Islands,base,OFB-EAST:109552150,VacationQuest.exe,/store/vacation-quest/vacation-quest-the-hawaiian-islands/standard-edition?,Automatable,Automatable
walking-dead/the-walking-dead,The Walking Dead,base,OFB-EAST:50653,Setup.exe,/store/walking-dead/the-walking-dead/standard-edition?,Not automatable: Steam,Automatable
wargame/wargame-european-escalation,Wargame: European Escalation,base,OFB-EAST:47874,Setup.exe,/store/wargame/wargame-european-escalation/standard-edition?,Not automatable: Steam,Automatable
warp/warp,Warp,base,OFB-EAST:58066,Pending,/store/warp/warp/standard-edition?,Automatable,Automatable
wasteland/wasteland-2,Wasteland™ 2: Director’s Cut Classic Edition,base,Origin.OFR.50.0001189,WL2.exe,/store/wasteland/wasteland-2/classic-edition?,Automatable,Automatable
wasteland/wasteland-2,Wasteland™ 2: Director’s Cut Digital Deluxe Edition,base,Origin.OFR.50.0001190,WL2.exe,/store/wasteland/wasteland-2/digital-deluxe-edition?,Automatable,Automatable
watch-dogs/watch-dogs,Watch_Dogs™,base,Origin.OFR.50.0000538,upc.exe,/store/watch-dogs/watch-dogs/standard-edition?,Not automatable: Uplay,Automatable
watch-dogs/watch-dogs-2,Watch_Dogs® 2,base,Origin.OFR.50.0001616,upc.exe,/store/watch-dogs/watch-dogs-2/standard-edition?,Not automatable: Uplay,Automatable
watch-dogs/watch-dogs-2,Watch_Dogs® 2 Deluxe Edition,base,Origin.OFR.50.0001626,upc.exe,/store/watch-dogs/watch-dogs-2/deluxe-edition?,Not automatable: Uplay,Automatable
watch-dogs/watch-dogs-2,Watch_Dogs® 2 Gold Edition,base,Origin.OFR.50.0001636,upc.exe,/store/watch-dogs/watch-dogs-2/gold-edition?,Not automatable: Uplay,Automatable
wing-commander/wing-commander,Wing Commander™ 1,base,OFB-EAST:39133,DOSBox.exe,/store/wing-commander/wing-commander/standard-edition?,Automatable,Not Automatable: DOSBox.exe
wing-commander/wing-commander-iii-heart-of-the-tiger,Wing Commander 3™: Heart of the Tiger,base,DR:235664700,DOSBox.exe,/store/wing-commander/wing-commander-iii-heart-of-the-tiger/standard-edition?,Automatable,Not Automatable: DOSBox.exe
wing-commander/wing-commander-ii-vengeance-of-the-kilrathi,Wing Commander™ II,base,OFB-EAST:39135,DOSBox.exe,/store/wing-commander/wing-commander-ii-vengeance-of-the-kilrathi/standard-edition?,Automatable,Not Automatable: DOSBox.exe
wing-commander/wing-commander-iv-the-price-of-freedom,Wing Commander™ IV: The Price of Freedom,base,OFB-EAST:39460,wc4dvd.exe,/store/wing-commander/wing-commander-iv-the-price-of-freedom/standard-edition?,Automatable,Automatable
wing-commander/wing-commander-privateer,Wing Commander™: Privateer,base,DR:231813400,DOSBox.exe,/store/wing-commander/wing-commander-privateer/standard-edition?,Automatable,Not Automatable: DOSBox.exe
witcher/the-witcher,The Witcher: Enhanced Edition,base,OFB-EAST:51990,External Installer,/store/witcher/the-witcher/enhanced-edition?,Not automatable: External Installer,Automatable
witcher/the-witcher-assassins-of-kings,The Witcher 2: Assassins of Kings Enhanced Edition,base,OFB-EAST:46853,External Installer,/store/witcher/the-witcher-assassins-of-kings/enhanced-edition?,Not automatable: External Installer,Automatable
witcher/the-witcher-wild-hunt,Alternative Look for Ciri,dlc,Origin.OFR.50.0000845,witcher3.exe,/store/witcher/the-witcher-wild-hunt/addon/alternative-look-for-ciri?,,
witcher/the-witcher-wild-hunt,Alternative Look for Triss,dlc,Origin.OFR.50.0000840,witcher3.exe,/store/witcher/the-witcher-wild-hunt/addon/alternative-look-for-triss?,,
witcher/the-witcher-wild-hunt,Alternative Look for Yennefer,dlc,Origin.OFR.50.0000836,witcher3.exe,/store/witcher/the-witcher-wild-hunt/addon/alternative-look-for-yennefer?,,
witcher/the-witcher-wild-hunt,Ballad Heroes' Neutral Gwent Card Set,dlc,Origin.OFR.50.0000842,witcher3.exe,/store/witcher/the-witcher-wild-hunt/addon/the-witcher-3-blood-and-wine-extras,,
witcher/the-witcher-wild-hunt,Beard and Hairstyle Set,dlc,Origin.OFR.50.0000835,witcher3.exe,/store/witcher/the-witcher-wild-hunt/addon/beard-and-hairstyle-set?,,
witcher/the-witcher-wild-hunt,Elite Crossbow Set,dlc,Origin.OFR.50.0000849,witcher3.exe,/store/witcher/the-witcher-wild-hunt/addon/elite-crossbow-set?,,
witcher/the-witcher-wild-hunt,New Finisher Animations,dlc,Origin.OFR.50.0000852,witcher3.exe,/store/witcher/the-witcher-wild-hunt/addon/new-finisher-animations,,
witcher/the-witcher-wild-hunt,NEW GAME +,dlc,Origin.OFR.50.0000843,witcher3.exe,/store/witcher/the-witcher-wild-hunt/addon/new-game-?,,
witcher/the-witcher-wild-hunt,New Quest - 'Contract: Missing Miners',dlc,Origin.OFR.50.0000838,witcher3.exe,/store/witcher/the-witcher-wild-hunt/addon/new-quest--contract-missing-miners?,,
witcher/the-witcher-wild-hunt,New Quest - 'Contract: Skellige's Most Wanted',dlc,Origin.OFR.50.0000848,witcher3.exe,/store/witcher/the-witcher-wild-hunt/addon/new-quest--contract-skelliges-most-wanted?,,
witcher/the-witcher-wild-hunt,New Quest - 'Fool's Gold',dlc,Origin.OFR.50.0000841,witcher3.exe,/store/witcher/the-witcher-wild-hunt/addon/new-quest--fools-gold?,,
witcher/the-witcher-wild-hunt,New Quest - 'Scavenger Hunt: Wolf School Gear',dlc,Origin.OFR.50.0000844,witcher3.exe,/store/witcher/the-witcher-wild-hunt/addon/new-quest--scavenger-hunt-wolf-school-gear?,,
witcher/the-witcher-wild-hunt,New Quest - 'Where the Cat and Wolf Play...',dlc,Origin.OFR.50.0000851,witcher3.exe,/store/witcher/the-witcher-wild-hunt/addon/new-quest--where-the-cat-and-wolf-play--?,,
witcher/the-witcher-wild-hunt,Nilfgaardian Armor Set,dlc,Origin.OFR.50.0000839,witcher3.exe,/store/witcher/the-witcher-wild-hunt/addon/nilfgaardian-armor-set?,,
witcher/the-witcher-wild-hunt,Skellige Armor Set,dlc,Origin.OFR.50.0000850,witcher3.exe,/store/witcher/the-witcher-wild-hunt/addon/skellige-armor-set?,,
witcher/the-witcher-wild-hunt,Temerian Armor Set,dlc,Origin.OFR.50.0000834,witcher3.exe,/store/witcher/the-witcher-wild-hunt/addon/temerian-armor-set?,,
witcher/the-witcher-wild-hunt,The Witcher® 3: Wild Hunt,base,Origin.OFR.50.0000743,witcher3.exe,/store/witcher/the-witcher-wild-hunt/standard-edition?,Automatable,Automatable
witcher/the-witcher-wild-hunt,The Witcher® 3: Wild Hunt - Hearts of Stone,dlc,Origin.OFR.50.0000988,witcher3.exe,/store/witcher/the-witcher-wild-hunt/addon/the-witcher-3-wild-hunt--hearts-of-stone?,,
witcher/the-witcher-wild-hunt,The Witcher® 3: Wild Hunt Blood and Wine,dlc,Origin.OFR.50.0000989,witcher3.exe,/store/witcher/the-witcher-wild-hunt/addon/the-witcher-3-wild-hunt-blood-and-wine?,,
witcher/the-witcher-wild-hunt,The Witcher® 3: Wild Hunt Brazilian Portuguese Voice-Over Pack,dlc,Origin.OFR.50.0001036,witcher3.exe,/store/witcher/the-witcher-wild-hunt/addon/the-witcher-3-wild-hunt-brazilian-portuguese-voice-over-pack?,,
witcher/the-witcher-wild-hunt,The Witcher® 3: Wild Hunt English Voice-Over Pack,dlc,Origin.OFR.50.0001019,witcher3.exe,/store/witcher/the-witcher-wild-hunt/addon/the-witcher-3-wild-hunt-english-voice-over-pack?,,
witcher/the-witcher-wild-hunt,The Witcher® 3: Wild Hunt French Voice-Over Pack,dlc,Origin.OFR.50.0001014,witcher3.exe,/store/witcher/the-witcher-wild-hunt/addon/the-witcher-3-wild-hunt-french-voice-over-pack?,,
witcher/the-witcher-wild-hunt,The Witcher® 3: Wild Hunt German Voice-Over Pack,dlc,Origin.OFR.50.0001020,witcher3.exe,/store/witcher/the-witcher-wild-hunt/addon/the-witcher-3-wild-hunt-german-voice-over-pack,,
witcher/the-witcher-wild-hunt,The Witcher® 3: Wild Hunt Japanese Voice-Over Pack,dlc,Origin.OFR.50.0001015,witcher3.exe,/store/witcher/the-witcher-wild-hunt/addon/the-witcher-3-wild-hunt-japanese-voice-over-pack?,,
witcher/the-witcher-wild-hunt,The Witcher® 3: Wild Hunt Polish Voice-Over Pack,dlc,Origin.OFR.50.0001016,witcher3.exe,/store/witcher/the-witcher-wild-hunt/addon/the-witcher-3-wild-hunt-polish-voice-over-pack?,,
witcher/the-witcher-wild-hunt,The Witcher® 3: Wild Hunt Russian Voice-Over Pack,dlc,Origin.OFR.50.0001017,witcher3.exe,/store/witcher/the-witcher-wild-hunt/addon/the-witcher-3-wild-hunt-russian-voice-over-pack?,,
witcher/the-witcher-wild-hunt,THE WITCHER® 3: Blood and Wine Extras,images,Origin.OFR.50.0001469,,,,
witcher/the-witcher-wild-hunt,The Witcher® 3: Wild Hunt Artbook,digitalbook,Origin.OFR.50.0000829,,/store/witcher/the-witcher-wild-hunt/addon/the-witcher-3-wild-hunt-artbook?,,
witcher/the-witcher-wild-hunt,The Witcher® 3: Wild Hunt Artworks,digitalbook,Origin.OFR.50.0000830,,/store/witcher/the-witcher-wild-hunt/addon/the-witcher-3-wild-hunt-artworks?,,
witcher/the-witcher-wild-hunt,The Witcher® 3: Wild Hunt Digital Map,images,Origin.OFR.50.0000832,,/store/witcher/the-witcher-wild-hunt/addon/the-witcher-3-wild-hunt-digital-map?,,
witcher/the-witcher-wild-hunt,The Witcher® 3: Wild Hunt Expansion Pass,ulc,Origin.OFR.50.0000982,,/store/witcher/the-witcher-wild-hunt/expansion/the-witcher-3-wild-hunt-expansion-pass,,
witcher/the-witcher-wild-hunt,The Witcher® 3: Wild Hunt Official Soundtrack,soundtrack,Origin.OFR.50.0000833,,/store/witcher/the-witcher-wild-hunt/addon/the-witcher-3-wild-hunt-official-soundtrack?,,
witcher/the-witcher-wild-hunt,The Witcher® 3: Wild Hunt Premium Wallpapers,images,Origin.OFR.50.0000831,,/store/witcher/the-witcher-wild-hunt/addon/the-witcher-3-wild-hunt-premium-wallpapers?,,
witcher/the-witcher-wild-hunt-game-of-the-year,The Witcher® 3: Wild Hunt - Hearts of Stone,dlc,Origin.OFR.50.0000988,witcher3.exe,/store/witcher/the-witcher-wild-hunt/addon/the-witcher-3-wild-hunt--hearts-of-stone?,,
witcher/the-witcher-wild-hunt-game-of-the-year,The Witcher® 3: Wild Hunt Blood and Wine,dlc,Origin.OFR.50.0000989,witcher3.exe,/store/witcher/the-witcher-wild-hunt/addon/the-witcher-3-wild-hunt-blood-and-wine?,,
witcher/the-witcher-wild-hunt-game-of-the-year,The Witcher® 3: Wild Hunt Brazilian Portuguese Voice-Over Pack,dlc,Origin.OFR.50.0001036,witcher3.exe,/store/witcher/the-witcher-wild-hunt/addon/the-witcher-3-wild-hunt-brazilian-portuguese-voice-over-pack?,,
witcher/the-witcher-wild-hunt-game-of-the-year,The Witcher® 3: Wild Hunt English Voice-Over Pack,dlc,Origin.OFR.50.0001019,witcher3.exe,/store/witcher/the-witcher-wild-hunt/addon/the-witcher-3-wild-hunt-english-voice-over-pack?,,
witcher/the-witcher-wild-hunt-game-of-the-year,The Witcher® 3: Wild Hunt French Voice-Over Pack,dlc,Origin.OFR.50.0001014,witcher3.exe,/store/witcher/the-witcher-wild-hunt/addon/the-witcher-3-wild-hunt-french-voice-over-pack?,,
witcher/the-witcher-wild-hunt-game-of-the-year,The Witcher® 3: Wild Hunt Game of the Year,base,Origin.OFR.50.0001672,witcher3.exe,/store/witcher/the-witcher-wild-hunt/game-of-the-year-edition,Automatable,Automatable
witcher/the-witcher-wild-hunt-game-of-the-year,The Witcher® 3: Wild Hunt German Voice-Over Pack,dlc,Origin.OFR.50.0001020,witcher3.exe,/store/witcher/the-witcher-wild-hunt/addon/the-witcher-3-wild-hunt-german-voice-over-pack,,
witcher/the-witcher-wild-hunt-game-of-the-year,The Witcher® 3: Wild Hunt Japanese Voice-Over Pack,dlc,Origin.OFR.50.0001015,witcher3.exe,/store/witcher/the-witcher-wild-hunt/addon/the-witcher-3-wild-hunt-japanese-voice-over-pack?,,
witcher/the-witcher-wild-hunt-game-of-the-year,The Witcher® 3: Wild Hunt Polish Voice-Over Pack,dlc,Origin.OFR.50.0001016,witcher3.exe,/store/witcher/the-witcher-wild-hunt/addon/the-witcher-3-wild-hunt-polish-voice-over-pack?,,
witcher/the-witcher-wild-hunt-game-of-the-year,The Witcher® 3: Wild Hunt Russian Voice-Over Pack,dlc,Origin.OFR.50.0001017,witcher3.exe,/store/witcher/the-witcher-wild-hunt/addon/the-witcher-3-wild-hunt-russian-voice-over-pack?,,
witcher/the-witcher-wild-hunt-game-of-the-year,THE WITCHER® 3: Blood & Wine Soundtrack,soundtrack,Origin.OFR.50.0001728,,,,
witcher/the-witcher-wild-hunt-game-of-the-year,THE WITCHER® 3: Blood and Wine Extras,images,Origin.OFR.50.0001469,,,,
witcher/the-witcher-wild-hunt-game-of-the-year,THE WITCHER® 3: Hearts of Stone Soundtrack,soundtrack,Origin.OFR.50.0001727,,,,
witcher/the-witcher-wild-hunt-game-of-the-year,THE WITCHER® 3: Wild Hunt - Hearts of Stone Extras,images,Origin.OFR.50.0001195,,,,
witcher/the-witcher-wild-hunt-game-of-the-year,The Witcher® 3: Wild Hunt Artbook,digitalbook,Origin.OFR.50.0000829,,/store/witcher/the-witcher-wild-hunt/addon/the-witcher-3-wild-hunt-artbook?,,
witcher/the-witcher-wild-hunt-game-of-the-year,The Witcher® 3: Wild Hunt Artworks,digitalbook,Origin.OFR.50.0000830,,/store/witcher/the-witcher-wild-hunt/addon/the-witcher-3-wild-hunt-artworks?,,
witcher/the-witcher-wild-hunt-game-of-the-year,The Witcher® 3: Wild Hunt Digital Map,images,Origin.OFR.50.0000832,,/store/witcher/the-witcher-wild-hunt/addon/the-witcher-3-wild-hunt-digital-map?,,
witcher/the-witcher-wild-hunt-game-of-the-year,The Witcher® 3: Wild Hunt Expansion Pass,ulc,Origin.OFR.50.0000982,,/store/witcher/the-witcher-wild-hunt/expansion/the-witcher-3-wild-hunt-expansion-pass,,
witcher/the-witcher-wild-hunt-game-of-the-year,The Witcher® 3: Wild Hunt Official Soundtrack,soundtrack,Origin.OFR.50.0000833,,/store/witcher/the-witcher-wild-hunt/addon/the-witcher-3-wild-hunt-official-soundtrack?,,
witcher/the-witcher-wild-hunt-game-of-the-year,The Witcher® 3: Wild Hunt Premium Wallpapers,images,Origin.OFR.50.0000831,,/store/witcher/the-witcher-wild-hunt/addon/the-witcher-3-wild-hunt-premium-wallpapers?,,
